<?xml version="1.0" encoding="UTF-8"?>
<modification>
	<id>Sushi theme</id>
	<name>sushi theme</name>
	<code>sushi_theme</code>
	<version>1.0.1</version>
	<link>https://madehtml5.github.io/</link>
	<author>https://madehtml5.github.io/</author>
   	<file path="admin/view/template/common/footer.twig">
    <operation>
    <search><![CDATA[{{ text_footer }}]]></search>
    <add position="replace"><![CDATA[changed by <a href="https://madehtml5.github.io/" target="_blank" style="color:#ff7361">made <i class="fa fa-html5" font-size:1.25em" aria-hidden="true"></i> me</a>]]></add>
    </operation>
	</file>	
	<file path="catalog/controller/checkout/cart.php|catalog/controller/common/cart.php">
    <operation>
    <search><![CDATA[$this->language->get('text_items')]]></search>
    <add position="replace"><![CDATA[$this->language->get('%s')]]></add>
    </operation>
	</file>
	<file path="catalog/controller/common/header.php">
    <operation error="skip">
    <search><![CDATA[$data['name'] = $this->config->get('config_name');]]></search>
    <add position="after"><![CDATA[ 				
	$data['sushi_sticky_header'] = $this->config->get('sushi_sticky_header');	
	$data['sushi_color_main'] = $this->config->get('sushi_color_main');
	$data['sushi_color_main2'] = $this->config->get('sushi_color_main2');
	$data['sushi_color_main3'] = $this->config->get('sushi_color_main3');
	$data['sushi_text_color'] = $this->config->get('sushi_text_color');
	$data['sushi_text_color2'] = $this->config->get('sushi_text_color2');
	$data['sushi_font'] = str_replace("+", " ", $this->config->get('sushi_font'));
	$data['sushi_custom_css'] = $this->config->get('sushi_custom_css');
	$data['sushi_custom_js'] = $this->config->get('sushi_custom_js');
	$data['sushi_topbanner_show'] = $this->config->get('sushi_topbanner_show');
    $data['sushi_topbanner_img'] = $this->config->get('sushi_topbanner_img'); 
	if ($this->config->get('sushi_topbanner_link'))
	{$data['sushi_topbanner_link'] = $this->config->get('sushi_topbanner_link')[$this->config->get('config_language_id')];}		
	$data['sushi_cust_menu'] = $this->config->get('sushi_cust_menu');
	$data['sushi_text_menu'] = $this->config->get('sushi_text_menu');	
	$this->load->language('product/category');
	$data['text_compare'] = sprintf($this->language->get('text_compare'), (isset($this->session->data['compare']) ? count($this->session->data['compare']) : 0));
	$data['compare'] = $this->url->link('product/compare');
	$host = isset($this->request->server['HTTPS']) && (($this->request->server['HTTPS'] == 'on') || ($this->request->server['HTTPS'] == '1')) ? HTTPS_SERVER : HTTP_SERVER;
	if ($this->request->server['REQUEST_URI'] == '/') {
	$data['og_url'] = $this->url->link('common/home');
	} else {
	$data['og_url'] = $host . substr($this->request->server['REQUEST_URI'], 1, (strlen($this->request->server['REQUEST_URI'])-1));}
	$this->load->model('setting/extension');
	$this->load->model('catalog/category');
	$data['categories'] = array();
	$categories = $this->model_catalog_category->getCategories(0);
	foreach ($categories as $category) {
	if ($category['top']) {
	$data['categories'][] = array(
	'name'     => $category['name'],
	'href'     => $this->url->link('product/category', 'path=' . $category['category_id']));}	
	if ($this->config->get('sushi_url')) {
	$data['sushi_url'] = array();
	$sushi_url = $this->config->get('sushi_url');
    foreach ($sushi_url as $result) {
    $data['sushi_url'][] = array(
    'title'     => $result['name'][$this->config->get('config_language_id')],
    'href'     => $result['url'][$this->config->get('config_language_id')]);}}}
	]]></add>
    </operation>
	</file>
	<file path="catalog/model/catalog/product.php">
    <operation>
    <search><![CDATA['p.price',]]></search>
    <add position="before"><![CDATA['best_product',]]></add>
    </operation>
    <operation>
    <search><![CDATA[} elseif ($data['sort'] == 'p.price') {]]></search>
    <add position="before"><![CDATA[} elseif ($data['sort'] == 'best_product') {$sql .= " ORDER BY (SELECT sum(quantity) FROM " . DB_PREFIX . "order_product op where op.product_id=p.product_id GROUP BY p.product_id) ";]]></add>
    </operation>
	</file>
	<file path="catalog/controller/common/menu.php">
    <operation>
    <search><![CDATA['name'  => $child['name'] . ($this->config->get('config_product_count') ? ' (' . $this->model_catalog_product->getTotalProducts($filter_data) . ')' : ''),]]></search>
    <add position="replace"><![CDATA['name'  => $child['name'],]]></add>
    </operation>
	</file>	
    <file path="catalog/controller/checkout/cart.php">
    <operation error="skip">
    <search><![CDATA[public function remove() {]]></search>
    <add position="before"><![CDATA[public function change_price(){
	$json = array();	
	if (isset($this->request->post['product_id'])) {
	$product_id = $this->request->post['product_id'];}
	if (isset($this->request->post['quantity'])) {
	$quantity = $this->request->post['quantity'];}
	if (isset($this->request->post['cartid'])) {
	$cartid = $this->request->post['cartid'];}
	$this->cart->update($cartid, $quantity);
	$products = $this->cart->getProducts();
	$this->load->language('common/cart');
	$this->load->model('setting/extension');
	$totals = array();
	$taxes = $this->cart->getTaxes();
	$total = 0;
	$total_data = array(
	'totals' => &$totals,
	'taxes'  => &$taxes,
	'total'  => &$total);
	if ($this->customer->isLogged() || !$this->config->get('config_customer_price')) {
	$sort_order = array();
	$results = $this->model_setting_extension->getExtensions('total');
	foreach ($results as $key => $value) {
	$sort_order[$key] = $this->config->get('total_' . $value['code'] . '_sort_order');}
	array_multisort($sort_order, SORT_ASC, $results);
	foreach ($results as $result) {
	if ($this->config->get('total_' . $result['code'] . '_status')) {
	$this->load->model('extension/total/' . $result['code']);
	$this->{'model_extension_total_' . $result['code']}->getTotal($total_data);}}
	$sort_order = array();
	foreach ($totals as $key => $value) {
	$sort_order[$key] = $value['sort_order'];}
	array_multisort($sort_order, SORT_ASC, $totals);}
	$json['update_cart'] = sprintf($this->language->get('text_items'), $this->cart->countProducts() + (isset($this->session->data['vouchers']) ? count($this->session->data['vouchers']) : 0), $this->currency->format($total, $this->session->data['currency']));		
	$data['totals'] = array();
	foreach ($totals as $total) {
	$json['totals'][] = array(
	'title' => $total['title'],
	'text'  => $this->currency->format($total['value'], $this->session->data['currency']));}
	foreach ($products as $product) {
	if($product['product_id'] == $product_id){
	$json['update_price'] = $this->currency->format($product['total'], $this->session->data['currency']);}
	$json['update_getsubtotal'] = $this->currency->format($this->cart->getSubTotal(), $this->session->data['currency']);}
	if($this->cart->getTaxes()){
	foreach ($this->cart->getTaxes() as $key => $value) {
	$json['update_vat'] =  $this->currency->format($value, $this->session->data['currency']);
	//array_splice($json['update_vat'],1);
	$json['update_gettotal'] = $this->currency->format($this->cart->getTotal() + $value, $this->session->data['currency']);}
	}else{  
	$json['update_gettotal'] = $this->currency->format($this->cart->getTotal(), $this->session->data['currency']);}
	$this->response->addHeader('Content-Type: application/json');
	$this->response->setOutput(json_encode($json));
	}]]></add>
    </operation>
    <operation error="skip">
    <search><![CDATA[$data['products'][] = array(]]></search>
    <add position="after"><![CDATA['product_id'   => $product['product_id'],]]></add>
    </operation>
	</file>
	<file path="catalog/controller/product/search.php">
    <operation>
    <search ><![CDATA['href'        => $this->url->link('product/product', 'product_id=' . $result['product_id'] . $url)]]></search>
    <add position="after" ><![CDATA[,
	'model' 	  => $result['model']
    ]]></add>
    </operation>
    <operation>
    <search><![CDATA[$this->response->setOutput($this->load->view('product/search', $data));]]></search>
    <add position="replace" ><![CDATA[
	if(isset($this->request->get['autocomplete'])){
	!empty($data['products']) ? $data['products'] : $data['products'] = array();
	$this->response->setOutput(json_encode($data['products'],true));
    }else{
	$this->response->setOutput($this->load->view('product/search', $data));}
    ]]></add>
    </operation>
    </file>
    <file path="catalog/controller/extension/module/*.php">
    <operation error="skip">
    <search><![CDATA[$result['product_id'],]]></search>
    <add position="after"><![CDATA['quantity' => $result['quantity'],]]></add>
    </operation>
    <operation error="skip">
    <search><![CDATA[$product_info['product_id'],]]></search>
    <add position="after"><![CDATA['quantity' => $product_info['quantity'],]]></add>
    </operation>
	</file>
	<file path="catalog/controller/product/product.php">
	<operation error="skip">
    <search><![CDATA[$this->document->addScript('catalog/view/javascript/jquery/magnific/jquery.magnific-popup.min.js');]]></search>
    <add position="replace"><![CDATA[$this->document->addScript('catalog/view/theme/sushi/fancybox.umd.js');]]></add>
    </operation>
	<operation error="skip">
    <search><![CDATA[$this->document->addStyle('catalog/view/javascript/jquery/magnific/magnific-popup.css');]]></search>
    <add position="replace"><![CDATA[$this->document->addStyle('catalog/view/theme/sushi/fancybox.css');]]></add>
    </operation>
    <operation error="skip">
    <search><![CDATA[if ($product_info['quantity'] <= 0) {]]></search>
    <add position="before"><![CDATA[$data['quantity'] = $product_info['quantity'];]]></add>
    </operation>
    </file>
    <file path="catalog/controller/product/*.php">
	<operation error="skip">
    <search><![CDATA[$result['product_id'],]]></search>
    <add position="after"><![CDATA['quantity' => $result['quantity'],]]></add>
    </operation>
	</file>
	<file path="catalog/controller/extension/module/featured.php">
	<operation>
	<search><![CDATA[foreach ($products as $product_id) {]]></search>
	<add position="before"><![CDATA[$data['lazy_load_width_height'] = 'width="' . $setting['width'] . '" height="' . $setting['height'] . '"';]]></add>
	</operation>
	</file>
	<file path="catalog/controller/extension/module/{bestseller,special,latest}.php">
	<operation>
	<search><![CDATA[foreach ($results as $result) {]]></search>
	<add position="before"><![CDATA[$data['lazy_load_width_height'] = 'width="' . $setting['width'] . '" height="' . $setting['height'] . '"';]]></add>
	</operation>
	</file>
	<file path="catalog/controller/product/{special,search,category}.php">
	<operation>
	<search><![CDATA[foreach ($results as $result) {]]></search>
	<add position="before" index="0"><![CDATA[$data['lazy_load_width_height'] = 'width="' . $this->config->get('theme_' . $this->config->get('config_theme') . '_image_product_width') . '" height="' . $this->config->get('theme_' . $this->config->get('config_theme') . '_image_product_height') . '"';]]></add>
	</operation>
	</file>
</modification>