<?xml version="1.0" encoding="UTF-8"?>
<modification>
	<id>Part theme</id>
	<name>part theme</name>
	<code>part_theme</code>
	<version>1.0.1</version>
	<link>https://madehtml5.github.io/</link>
	<author>https://madehtml5.github.io/</author>
	<file path="admin/view/template/common/footer.twig">
		<operation>
			<search>
				<![CDATA[{{ text_footer }}]]>
			</search>
			<add position="replace">
				<![CDATA[changed by <a href="https://madehtml5.github.io/" target="_blank" style="color:#ff7361">made <i class="fa fa-html5" font-size:1.25em" aria-hidden="true"></i> me</a>]]>
			</add>
		</operation>
	</file>
	<file path="catalog/controller/checkout/cart.php|catalog/controller/common/cart.php">
		<operation>
			<search>
				<![CDATA[$this->language->get('text_items')]]>
			</search>
			<add position="replace">
				<![CDATA[$this->language->get('%s')]]>
			</add>
		</operation>
	</file>
	<file path="catalog/controller/common/header.php">
		<operation error="skip">
			<search>
				<![CDATA[$data['name'] = $this->config->get('config_name');]]>
			</search>
			<add position="after">
				<![CDATA[ 			
				$data['part_color_main'] = $this->config->get('part_color_main');
				$data['part_color_main2'] = $this->config->get('part_color_main2');
				$data['part_color_main3'] = $this->config->get('part_color_main3');
				$data['part_text_color'] = $this->config->get('part_text_color');
				$data['part_text_color2'] = $this->config->get('part_text_color2');
				$data['part_font'] = str_replace("+", " ", $this->config->get('part_font'));
				$data['part_custom_css'] = $this->config->get('part_custom_css');
				$data['part_custom_js'] = $this->config->get('part_custom_js');
				$this->load->language('account/login');
				$data['text_new_customer'] = $this->language->get('text_new_customer');
				$data['text_register'] = $this->language->get('text_register');
				$data['text_register_account'] = $this->language->get('text_register_account');
				$data['text_returning_customer'] = $this->language->get('text_returning_customer');
				$data['text_i_am_returning_customer'] = $this->language->get('text_i_am_returning_customer');
				$data['text_forgotten'] = $this->language->get('text_forgotten');
				$data['entry_email'] = $this->language->get('entry_email');
				$data['entry_password'] = $this->language->get('entry_password');
				$data['button_continue'] = $this->language->get('button_continue');
				$data['button_login'] = $this->language->get('button_login');
				if (isset($this->session->data['error'])) {
				$data['error_warning'] = $this->session->data['error'];
				unset($this->session->data['error']);
				} elseif (isset($this->error['warning'])) {
				$data['error_warning'] = $this->error['warning'];
				} else {
				$data['error_warning'] = '';}
				$data['action'] = $this->url->link('account/login', '', true);
				$data['register'] = $this->url->link('account/register', '', true);
				$data['forgotten'] = $this->url->link('account/forgotten', '', true);
				if (isset($this->request->post['redirect']) && (strpos($this->request->post['redirect'], $this->config->get('config_url')) !== false || strpos($this->request->post['redirect'], $this->config->get('config_ssl')) !== false)) {
				$data['redirect'] = $this->request->post['redirect'];
				} elseif (isset($this->session->data['redirect'])) {
				$data['redirect'] = $this->session->data['redirect'];
				unset($this->session->data['redirect']);
				} else {
				$data['redirect'] = '';}
				if (isset($this->session->data['success'])) {
				$data['success'] = $this->session->data['success'];
				unset($this->session->data['success']);
				} else {
				$data['success'] = '';}
				if (isset($this->request->post['email'])) {
				$data['email'] = $this->request->post['email'];
				} else {
				$data['email'] = '';}
				if (isset($this->request->post['password'])) {
				$data['password'] = $this->request->post['password'];
				} else {
				$data['password'] = '';}
				$this->load->language('product/category');
				$data['text_compare'] = sprintf($this->language->get('text_compare'), (isset($this->session->data['compare']) ? count($this->session->data['compare']) : 0));
				$data['compare'] = $this->url->link('product/compare');
				$host = isset($this->request->server['HTTPS']) && (($this->request->server['HTTPS'] == 'on') || ($this->request->server['HTTPS'] == '1')) ? HTTPS_SERVER : HTTP_SERVER;
				if ($this->request->server['REQUEST_URI'] == '/') {
				$data['og_url'] = $this->url->link('common/home');
				} else {
				$data['og_url'] = $host . substr($this->request->server['REQUEST_URI'], 1, (strlen($this->request->server['REQUEST_URI'])-1));}
				$this->load->model('setting/extension');
				$this->load->model('catalog/category');
				$data['categories'] = array();
				$categories = $this->model_catalog_category->getCategories(0);
				foreach ($categories as $category) {
				if ($category['top']) {
				$data['categories'][] = array(
				'name'  => $category['name'],
				'href'  => $this->url->link('product/category', 'path=' . $category['category_id']));}	
				if ($this->config->get('part_url')) {
				$data['part_url'] = array();
				$part_url = $this->config->get('part_url');
				foreach ($part_url as $result) {
				$data['part_url'][] = array(
				'title'  => $result['name'][$this->config->get('config_language_id')],
				'href'  => $result['url'][$this->config->get('config_language_id')]);}}}
				]]>
			</add>
		</operation>
	</file>
	<file path="catalog/model/catalog/product.php">
		<operation>
			<search>
				<![CDATA['p.price',]]>
			</search>
			<add position="before">
				<![CDATA['best_product',]]>
			</add>
		</operation>
		<operation>
			<search>
				<![CDATA[} elseif ($data['sort'] == 'p.price') {]]>
			</search>
			<add position="before">
				<![CDATA[} elseif ($data['sort'] == 'best_product') {$sql .= " ORDER BY (SELECT sum(quantity) FROM " . DB_PREFIX . "order_product op where op.product_id=p.product_id GROUP BY p.product_id) ";]]>
			</add>
		</operation>
	</file>
	<file path="catalog/controller/common/menu.php">
		<operation>
			<search>
				<![CDATA['name'  => $child['name'] . ($this->config->get('config_product_count') ? ' (' . $this->model_catalog_product->getTotalProducts($filter_data) . ')' : ''),]]>
			</search>
			<add position="replace">
				<![CDATA['name'  => $child['name'],]]>
			</add>
		</operation>
	</file>
	<file path="catalog/controller/checkout/cart.php">
    <operation error="skip">
    <search><![CDATA[public function remove() {]]></search>
    <add position="before"><![CDATA[public function change_price(){
	$json = array();	
	if (isset($this->request->post['product_id'])) {
	$product_id = $this->request->post['product_id'];}
	if (isset($this->request->post['quantity'])) {
	$quantity = $this->request->post['quantity'];}
	if (isset($this->request->post['cartid'])) {
	$cartid = $this->request->post['cartid'];}
	$this->cart->update($cartid, $quantity);
	$products = $this->cart->getProducts();
	$this->load->language('common/cart');
	$this->load->model('setting/extension');
	$totals = array();
	$taxes = $this->cart->getTaxes();
	$total = 0;
	$total_data = array(
	'totals' => &$totals,
	'taxes'  => &$taxes,
	'total'  => &$total);
	if ($this->customer->isLogged() || !$this->config->get('config_customer_price')) {
	$sort_order = array();
	$results = $this->model_setting_extension->getExtensions('total');
	foreach ($results as $key => $value) {
	$sort_order[$key] = $this->config->get('total_' . $value['code'] . '_sort_order');}
	array_multisort($sort_order, SORT_ASC, $results);
	foreach ($results as $result) {
	if ($this->config->get('total_' . $result['code'] . '_status')) {
	$this->load->model('extension/total/' . $result['code']);
	$this->{'model_extension_total_' . $result['code']}->getTotal($total_data);}}
	$sort_order = array();
	foreach ($totals as $key => $value) {
	$sort_order[$key] = $value['sort_order'];}
	array_multisort($sort_order, SORT_ASC, $totals);}
	$json['update_cart'] = sprintf($this->language->get('text_items'), $this->cart->countProducts() + (isset($this->session->data['vouchers']) ? count($this->session->data['vouchers']) : 0), $this->currency->format($total, $this->session->data['currency']));		
	$data['totals'] = array();
	foreach ($totals as $total) {
	$json['totals'][] = array(
	'title' => $total['title'],
	'text'  => $this->currency->format($total['value'], $this->session->data['currency']));}
	foreach ($products as $product) {
	if($product['product_id'] == $product_id){
	$json['update_price'] = $this->currency->format($product['total'], $this->session->data['currency']);}
	$json['update_getsubtotal'] = $this->currency->format($this->cart->getSubTotal(), $this->session->data['currency']);}
	if($this->cart->getTaxes()){
	foreach ($this->cart->getTaxes() as $key => $value) {
	$json['update_vat'] =  $this->currency->format($value, $this->session->data['currency']);
	//array_splice($json['update_vat'],1);
	$json['update_gettotal'] = $this->currency->format($this->cart->getTotal() + $value, $this->session->data['currency']);}
	}else{  
	$json['update_gettotal'] = $this->currency->format($this->cart->getTotal(), $this->session->data['currency']);}
	$this->response->addHeader('Content-Type: application/json');
	$this->response->setOutput(json_encode($json));
	}]]></add>
    </operation>
    <operation error="skip">
    <search><![CDATA[$data['products'][] = array(]]></search>
    <add position="after"><![CDATA['product_id'   => $product['product_id'],]]></add>
    </operation>
	</file>
	<file path="catalog/controller/product/search.php">
		<operation>
			<search >
				<![CDATA['href'        => $this->url->link('product/product', 'product_id=' . $result['product_id'] . $url)]]>
			</search>
			<add position="after" >
				<![CDATA[,
	'model' 	  => $result['model']
    ]]>
			</add>
		</operation>
		<operation>
			<search>
				<![CDATA[$this->response->setOutput($this->load->view('product/search', $data));]]>
			</search>
			<add position="replace" >
				<![CDATA[
				if(isset($this->request->get['autocomplete'])){
				!empty($data['products']) ? $data['products'] : $data['products'] = array();
				$this->response->setOutput(json_encode($data['products'],true));
				}else{
				$this->response->setOutput($this->load->view('product/search', $data));}
				]]>
			</add>
		</operation>
	</file>
	<file path="catalog/controller/extension/module/{bestseller,latest,special,featured}.php">
		<operation error="skip">
			<search>
				<![CDATA[$result['product_id'],]]>
			</search>
			<add position="after">
				<![CDATA['quantity' => $result['quantity'],]]>
			</add>
		</operation>
		<operation error="skip">
			<search>
				<![CDATA[$product_info['product_id'],]]>
			</search>
			<add position="after">
				<![CDATA['quantity' => $product_info['quantity'],]]>
			</add>
		</operation>
		<operation error="skip">
			<search>
				<![CDATA[if ($result['image']) {]]>
			</search>
			<add position="before" error="skip">
				<![CDATA[				
				$results_img = $this->model_catalog_product->getProductImages($result['product_id']);
				$additional_img = array();
				foreach ($results_img as $result_img) {
				if ($result_img['image']) {
				$additional_image = HTTP_SERVER.'image/'.$result_img['image'];
				} else {
				$additional_image = false;}
				$additional_img[] = $additional_image;}
				]]>
			</add>
		</operation>
		<operation error="skip">
			<search>
				<![CDATA[if ($product_info['image']) {]]>
			</search>
			<add position="before" error="skip">
				<![CDATA[				
				$results_img = $this->model_catalog_product->getProductImages($product_info['product_id']);
				$additional_img = array();
				foreach ($results_img as $result_img) {
				if ($result_img['image']) {
				$additional_image = HTTP_SERVER.'image/'.$result_img['image'];
				} else {
				$additional_image = false;}
				$additional_img[] = $additional_image;}
				]]>
			</add>
		</operation>
		<operation error="skip">
			<search>
				<![CDATA[if ($product['image']) {]]>
			</search>
			<add position="before" error="skip">
				<![CDATA[	
				$results_img = $this->model_catalog_product->getProductImages($product['product_id']);
				$additional_img = array();
				foreach ($results_img as $result_img) {
				if ($result_img['image']) {
				$additional_image = HTTP_SERVER.'image/'.$result_img['image'];
				} else {
				$additional_image = false;}
				$additional_img[] = $additional_image;}
				]]>
			</add>
		</operation>
		<operation>
			<search>
				<![CDATA[$image,]]>
			</search>
			<add position="after" error="skip">
				<![CDATA['additional_img' => $additional_img,]]>
			</add>
		</operation>
	</file>
	<file path="catalog/controller/extension/module/{bestseller,latest,special}.php">
		<operation>
			<search>
				<![CDATA[$data['products'][] = array(]]>
			</search>
			<add position="replace">
				<![CDATA[
				if ($special) {
				$action_percent = 100-round($result['special']/$result['price']*100, 0);
				} else {
				$action_percent = "0";}
				$data['products'][] = array(
				'action_percent' => $action_percent,
				]]>
			</add>
		</operation>
	</file>
	<file path="catalog/controller/extension/module/featured.php">
		<operation>
			<search>
				<![CDATA[$data['products'][] = array(]]>
			</search>
			<add position="replace">
				<![CDATA[
				if ($special) {
				$action_percent = 100-round($product_info['special']/$product_info['price']*100, 0);
				} else {
				$action_percent = "0";}
				$data['products'][] = array(
				'action_percent' => $action_percent,
				]]>
			</add>
		</operation>
	</file>
	<file path="catalog/controller/product/product.php">
		<operation error="skip">
			<search>
				<![CDATA[$this->document->addScript('catalog/view/javascript/jquery/magnific/jquery.magnific-popup.min.js');]]>
			</search>
			<add position="replace">
				<![CDATA[$this->document->addScript('catalog/view/theme/part/fancybox.umd.js');]]>
			</add>
		</operation>
		<operation error="skip">
			<search>
				<![CDATA[$this->document->addStyle('catalog/view/javascript/jquery/magnific/magnific-popup.css');]]>
			</search>
			<add position="replace">
				<![CDATA[$this->document->addStyle('catalog/view/theme/part/fancybox.css');]]>
			</add>
		</operation>
		<operation error="skip">
			<search>
				<![CDATA[if ($product_info['quantity'] <= 0) {]]>
			</search>
			<add position="before">
				<![CDATA[$data['quantity'] = $product_info['quantity'];]]>
			</add>
		</operation>
	</file>
	<file path="catalog/controller/product/*.php">
		<operation>
			<search>
				<![CDATA[if ($result['image']) {]]>
			</search>
			<add position="before" error="skip">
				<![CDATA[
				$results_img = $this->model_catalog_product->getProductImages($result['product_id']);
				$additional_img = array();
				foreach ($results_img as $result_img) {
				if ($result_img['image']) {
				$additional_image = $this->model_tool_image->resize($result_img['image'], $this->config->get('theme_' . $this->config->get('config_theme') . '_image_product_width'), $this->config->get('theme_' . $this->config->get('config_theme') . '_image_product_height'));
				} else {
				$additional_image = false;}
				$additional_img[] = $additional_image;}
				]]>
			</add>
		</operation>
		<operation>
			<search>
				<![CDATA[$image,]]>
			</search>
			<add position="after" error="skip">
				<![CDATA['additional_img' => $additional_img,]]>
			</add>
		</operation>
		<operation error="skip">
			<search>
				<![CDATA[$result['product_id'],]]>
			</search>
			<add position="after">
				<![CDATA['quantity' => $result['quantity'],]]>
			</add>
		</operation>
		<operation>
			<search>
				<![CDATA[$data['products'][] = array(]]>
			</search>
			<add position="replace">
				<![CDATA[
				if ($special) {
				$action_percent = 100-round($result['special']/$result['price']*100, 0);
				} else {
				$action_percent = "0";}
				$data['products'][] = array(
				'action_percent' => $action_percent,
				]]>
			</add>
		</operation>
	</file>
	<file path="catalog/language/*/common/footer.php">
		<operation>
			<search>
				<![CDATA[<a href="http://www.opencart.com">OpenCart</a>]]>
			</search>
			<add position="replace">
				<![CDATA[<a href="https://madehtml5.github.io/" target="_blank" style="color:#ff7361">made <i class="fa fa-html5" font-size:1.25em" aria-hidden="true"></i> me</a> ]]>
			</add>
		</operation>
	</file>
	<file path="catalog/controller/extension/module/slideshow.php|catalog/controller/extension/module/carousel.php">
		<operation>
			<search>
				<![CDATA[$this->document->addStyle('catalog/view/javascript/jquery/swiper/css/swiper.min.css');]]>
			</search>
			<add position="replace" offset="3" />
		</operation>
		<operation>
			<search>
				<![CDATA['image' => $this->model_tool_image->resize($result['image'], $setting['width'], $setting['height'])]]>
			</search>
			<add position="replace">
				<![CDATA['image' => HTTP_SERVER.'image/'.$result['image']]]>
			</add>
		</operation>
	</file>
</modification>