<?xml version="1.0" encoding="utf-8"?>
<modification>
   <id>Dark admine theme</id>
   <name>Dark admine theme</name>
   <code>Dark admine theme</code>
   <version>1.0.1</version>
    <author>https://madehtml5.github.io/</author>
   <link>https://madehtml5.github.io/</link>
  <file path="admin/view/template/common/column_left.twig">
	<operation>
      <search><![CDATA[{{ menu.name }}]]></search>
      <add position="replace"><![CDATA[<span>{{ menu.name }}</span>]]></add>
    </operation>
	<operation>
      <search><![CDATA[<nav id="column-left">]]></search>
      <add position="replace"><![CDATA[<nav id="column-left-fix">]]></add>
    </operation>
	<operation>
      <search><![CDATA[<div id="navigation"><span class="fa fa-bars"></span> {{ text_navigation }}</div>]]></search>
      <add position="replace"><![CDATA[]]></add>
    </operation>
	<operation>
      <search><![CDATA[<a href="#collapse{{ i }}" data-toggle="collapse" class="parent collapsed">]]></search>
      <add position="replace"><![CDATA[<a class="parent">]]></add>
    </operation>
	<operation>
      <search><![CDATA[<ul id="collapse{{ i }}" class="collapse">]]></search>
      <add position="replace"><![CDATA[<ul>]]></add>
    </operation>
  </file>
  <file path="admin/view/template/common/header.twig">
	<operation>
      <search><![CDATA[<a href="#" id="button-menu" class="hidden-md hidden-lg"><span class="fa fa-bars"></span></a>]]></search>
      <add position="replace"><![CDATA[]]></add>
    </operation>
	<operation>
      <search><![CDATA[<a href="{{ home }}" class="navbar-brand">]]></search>
      <add position="before"><![CDATA[{% if logged %}<a id="button-menu-fix" class=""><span class="fa fa-bars"></span></a>{% endif %}]]></add>
    </operation>
	<operation>
      <search><![CDATA[<script src="view/javascript/common.js" type="text/javascript"></script>]]></search>
      <add position="before"><![CDATA[
		<script src="view/javascript/menu-fix.js" type="text/javascript"></script>
	  ]]></add>
    </operation>
	<operation>
     <search><![CDATA[<link href="view/javascript/font-awesome/css/font-awesome.min.css" type="text/css" rel="stylesheet" />]]></search>
     <add position="replace"><![CDATA[  <link rel="stylesheet" href="https://use.fontawesome.com/releases/v5.15.4/css/all.css">
  <link rel="stylesheet" href="https://use.fontawesome.com/releases/v5.15.4/css/v4-shims.css">
  <link rel="stylesheet" href="https://maxst.icons8.com/vue-static/landings/line-awesome/font-awesome-line-awesome/css/all.min.css">]]></add>
    </operation>
	<operation>
     <search><![CDATA[<link type="text/css" href="view/stylesheet/stylesheet.css" rel="stylesheet" media="screen" />]]></search>
     <add position="replace"><![CDATA[<link type="text/css" href="view/stylesheet/admin.css" rel="stylesheet" media="screen" />]]></add>
        </operation>
  </file>
 <file path="admin/view/template/common/footer.twig">
        <operation>
            <search><![CDATA[{{ text_footer }}]]></search>
            <add position="replace"><![CDATA[changed by <a href="https://madehtml5.github.io/" target="_blank" style="color:#ff7361">made <i class="fa fa-html5" font-size:1.25em" aria-hidden="true"></i> me</a>]]></add>
        </operation>
  </file>
  </modification>