<?xml version="1.0" encoding="UTF-8"?>
<modification>
   <id>Essence theme</id>
   <name>Essence theme</name>
   <code>essence_theme</code>
   <version>1.0.1</version>
   <link>https://madehtml5.github.io/</link>
   <author>https://madehtml5.github.io/</author>
   <file path="catalog/controller/checkout/cart.php|catalog/controller/common/cart.php">
      <operation>
         <search><![CDATA[$this->language->get('text_items')]]></search>
         <add position="replace"><![CDATA[$this->language->get('%s')]]></add>
      </operation>
   </file>
   <file path="catalog/controller/common/header.php">
      <operation>
         <search><![CDATA[$data['name'] = $this->config->get('config_name');]]></search>
         <add position="after"><![CDATA[
		$this->load->language('account/login');
		$data['text_new_customer'] = $this->language->get('text_new_customer');
		$data['text_register'] = $this->language->get('text_register');
		$data['text_register_account'] = $this->language->get('text_register_account');
		$data['text_returning_customer'] = $this->language->get('text_returning_customer');
		$data['text_i_am_returning_customer'] = $this->language->get('text_i_am_returning_customer');
		$data['text_forgotten'] = $this->language->get('text_forgotten');
		$data['entry_email'] = $this->language->get('entry_email');
		$data['entry_password'] = $this->language->get('entry_password');
		$data['button_continue'] = $this->language->get('button_continue');
		$data['button_login'] = $this->language->get('button_login');
		if (isset($this->session->data['error'])) {
			$data['error_warning'] = $this->session->data['error'];
			unset($this->session->data['error']);
		} elseif (isset($this->error['warning'])) {
			$data['error_warning'] = $this->error['warning'];
		} else {
			$data['error_warning'] = '';
		}
		$data['action'] = $this->url->link('account/login', '', true);
		$data['register'] = $this->url->link('account/register', '', true);
		$data['forgotten'] = $this->url->link('account/forgotten', '', true);
		if (isset($this->request->post['redirect']) && (strpos($this->request->post['redirect'], $this->config->get('config_url')) !== false || strpos($this->request->post['redirect'], $this->config->get('config_ssl')) !== false)) {
			$data['redirect'] = $this->request->post['redirect'];
		} elseif (isset($this->session->data['redirect'])) {
			$data['redirect'] = $this->session->data['redirect'];
			unset($this->session->data['redirect']);
		} else {
			$data['redirect'] = '';
		}
		if (isset($this->session->data['success'])) {
			$data['success'] = $this->session->data['success'];
			unset($this->session->data['success']);
		} else {
			$data['success'] = '';
		}
		if (isset($this->request->post['email'])) {
			$data['email'] = $this->request->post['email'];
		} else {
			$data['email'] = '';
		}
		if (isset($this->request->post['password'])) {
			$data['password'] = $this->request->post['password'];
		} else {
			$data['password'] = '';
		}
		$this->load->language('product/category');
		$data['text_compare'] = sprintf($this->language->get('text_compare'), (isset($this->session->data['compare']) ? count($this->session->data['compare']) : 0));
$data['compare'] = $this->url->link('product/compare');]]></add>
      </operation>
   </file>
   <file path="catalog/controller/product/search.php">
      <operation>
         <search><![CDATA['href'        => $this->url->link('product/product', 'product_id=' . $result['product_id'] . $url)]]></search>
         <add position="after"><![CDATA[,
					'model' 	  => $result['model']]]></add>
      </operation>
      <operation>
         <search><![CDATA[$this->response->setOutput($this->load->view('product/search', $data));]]></search>
         <add position="replace"><![CDATA[if(isset($this->request->get['autocomplete'])){
			            !empty($data['products']) ? $data['products'] : $data['products'] = array();
			            $this->response->setOutput(json_encode($data['products'],true));
                    }else{
			            $this->response->setOutput($this->load->view('product/search', $data));
		            }]]></add>
      </operation>
   </file>
   <file path="catalog/controller/extension/module/slideshow.php|catalog/controller/extension/module/carousel.php">
      <operation>
         <search><![CDATA[$this->document->addStyle('catalog/view/javascript/jquery/swiper/css/swiper.min.css');]]></search>
         <add position="replace" offset="3" />
      </operation>
      <operation>
         <search><![CDATA['image' => $this->model_tool_image->resize($result['image'], $setting['width'], $setting['height'])]]></search>
         <add position="replace"><![CDATA['image' => HTTP_SERVER.'image/'.$result['image']]]></add>
      </operation>
   </file>
   <file path="catalog/controller/extension/module/slideshow.php">
      <operation>
         <search><![CDATA[public function index($setting) {]]></search>
         <add position="after"><![CDATA[$data['language'] = $this->load->controller('common/language');
		$data['lang'] = $this->config->get('config_language_id');
		$data['slider_text_slider_status'] = $this->config->get('slider_text_slider_status');
		$data['slider_text_slider_text1'] = $this->config->get('slider_text_slider_text1');
		$data['slider_text_slider_text2'] = $this->config->get('slider_text_slider_text2');
		$data['slider_text_slider_text3'] = $this->config->get('slider_text_slider_text3');
		$data['slider_text_slider_link'] = $this->config->get('slider_text_slider_link');
		$data['slider_text_slider_textlink'] = $this->config->get('slider_text_slider_textlink');]]></add>
      </operation>
   </file>
   <file path="catalog/model/catalog/product.php">
      <operation>
         <search><![CDATA['p.price',]]></search>
         <add position="before"><![CDATA['best_product',]]></add>
      </operation>
      <operation>
         <search><![CDATA[} elseif ($data['sort'] == 'p.price') {]]></search>
         <add position="before"><![CDATA[} elseif ($data['sort'] == 'best_product') {
					$sql .= " ORDER BY (SELECT sum(quantity) FROM " . DB_PREFIX . "order_product op where op.product_id=p.product_id GROUP BY p.product_id) ";]]></add>
      </operation>
   </file>
   <file path="catalog/language/*/common/footer.php">
      <operation>
         <search><![CDATA[<a href="http://www.opencart.com">OpenCart</a>]]></search>
         <add position="replace"><![CDATA[<a href="https://madehtml5.github.io/" target="_blank" style="color:#ff7361">made <i class="fa fa-html5" font-size:1.25em" aria-hidden="true"></i> me</a>]]></add>
      </operation>
   </file>
      <file path="admin/view/template/common/footer.twig">
        <operation>
            <search><![CDATA[{{ text_footer }}]]></search>
            <add position="replace"><![CDATA[changed by <a href="https://madehtml5.github.io/" target="_blank" style="color:#ff7361">made <i class="fa fa-html5" font-size:1.25em" aria-hidden="true"></i> me</a>]]></add>
        </operation>
  </file>
   <file path="catalog/controller/product/{category,search,special,manufacturer}.php">
      <operation error="skip">
         <search trim="true" index="0"><![CDATA[$pagination = new Pagination();]]></search>
         <add position="before"><![CDATA[$this->document->addScript('catalog/view/theme/essence/infinite.js');]]></add>
      </operation>
   </file>
   <file path="catalog/model/tool/image.php">
      <operation>
         <search><![CDATA[$image_new = 'cache/']]></search>
         <add position="after"><![CDATA[$image_new_webp = 'cachewebp/' . utf8_substr($filename, 0, utf8_strrpos($filename, '.')) . '-' . (int)$width . 'x' . (int)$height . '.webp';]]></add>
      </operation>
      <operation>
         <search><![CDATA[$image_new = str_replace(]]></search>
         <add position="before"><![CDATA[$gd = gd_info();
			if ($gd['WebP Support']) {
				if (!is_file(DIR_IMAGE . $image_new_webp) || (filectime(DIR_IMAGE . $image_new) > filectime(DIR_IMAGE . $image_new_webp))) {		
					$path = '';
					$directories = explode('/', dirname($image_new_webp));
					foreach ($directories as $directory) {
						$path = $path . '/' . $directory;

						if (!is_dir(DIR_IMAGE . $path)) {
							@mkdir(DIR_IMAGE . $path, 0777);
						}
					}
					$image_webp = new Image(DIR_IMAGE . $image_old);
					$image_webp->resize($width, $height);
					$image_webp->save_webp(DIR_IMAGE . $image_new_webp);
				}
			}]]></add>
      </operation>
   </file>
   <file path="system/library/image.php">
      <operation>
         <search><![CDATA[public function save]]></search>
         <add position="before"><![CDATA[public function save_webp($file, $quality = 90) {
				if (is_resource($this->image)) {
					imagewebp($this->image, $file, $quality);
					imagedestroy($this->image);
				}
			}]]></add>
      </operation>
   </file>
   <file path="system/library/response.php">
      <operation>
         <search><![CDATA[private function compress($data, $level = 0)]]></search>
         <add position="before"><![CDATA[public function webpRebuild($output) {
				$gd = gd_info();
				if ($gd['WebP Support']) {
					$uri = '';
					if (isset($_SERVER['REQUEST_URI'])) {
						$uri = $_SERVER['REQUEST_URI'];
					}
					if (stripos($uri, 'admin') === false) {
						if (isset($_SERVER['HTTP_ACCEPT']) && isset($_SERVER['HTTP_USER_AGENT'])) {
							if( strpos( $_SERVER['HTTP_ACCEPT'], 'image/webp' ) !== false ) {	
								$re = '/(cache)(.*)(\.jpg|\.png|.jpeg)/U';
								$subst = '$1webp$2.webp';
								$this->output = preg_replace($re, $subst, $this->output);
							}
						}
					}
				}
			}]]></add>
      </operation>
      <operation>
         <search><![CDATA[$output = $this]]></search>
         <add position="before"><![CDATA[$this->webpRebuild($this->output);]]></add>
      </operation>
   </file>
   <file path="system/library/cart/cart.php">    
    <operation>
      <search><![CDATA[if ($product_discount_query->num_rows) {]]></search>
      <add position="after"><![CDATA[
        if ((float)$product_discount_query->row['price'] && (float)$product_query->row['price'] && $this->config->get('config_autocalc_option_discount')) {
            $autocalc_discount_coefficient = (float)$product_discount_query->row['price'] / (float)$product_query->row['price'];
            $option_price *= $autocalc_discount_coefficient;
        }
      ]]></add>
    </operation>
    <operation>
      <search><![CDATA[if ($product_special_query->num_rows) {]]></search>
      <add position="after"><![CDATA[
        if ((float)$product_special_query->row['price'] && (float)$product_query->row['price'] &&  $this->config->get('config_autocalc_option_special')) {
            $autocalc_special_coefficient = (float)$product_special_query->row['price'] / (float)$product_query->row['price'];
            $option_price *= $autocalc_special_coefficient;
        }
      ]]></add>
    </operation>
    <operation>
      <search><![CDATA[if ($product_query->num_rows && ($cart['quantity'] > 0)) {]]></search>
      <add position="after"><![CDATA[
        $autocalc_override_price = false;
        $autocalc_discount_coefficient = false;
        $autocalc_special_coefficient = false;
        $autocalc_option_prices = array();
      ]]></add>
    </operation>    
    <operation>
      <search><![CDATA[if ($option_value_query->row['price_prefix'] == '+') {]]></search>
      <add position="replace"><![CDATA[
        if (true) {
            if ($option_value_query->row['price_prefix'] == '=') {
                $autocalc_override_price += $option_value_query->row['price'];
            } else {
                $autocalc_option_prices[] = array('prefix' => $option_value_query->row['price_prefix'], 'value' => $option_value_query->row['price']);
            }
        } else 
        if ($option_value_query->row['price_prefix'] == '+') {]]></add>
    </operation>
    <operation>
      <search><![CDATA[$recurring_query = $this->db->query("SELECT]]></search>
      <add position="before"><![CDATA[
        $option_price = 0;
        if ($autocalc_override_price !== false) {
            $price = 0;
            $option_price = $autocalc_override_price;
        }
        foreach ($autocalc_option_prices as $op) {
            switch ($op['prefix']) {
                case '+':
                    $option_price += $op['value'];
                    break;
                case '-':
                    $option_price -= $op['value'];
                    break;
                case '*':
                    $price *= $op['value'];
                    $option_price *= $op['value'];
                    break;
                case '/':
                    $price /= $op['value'];
                    $option_price /= $op['value'];
                    break;
                case '%':
                    $price *= 1.0 + $op['value'] / 100.0;
                    $option_price *= 1.0 + $op['value'] / 100.0;
                    break;
            }
        }
        if ($autocalc_discount_coefficient !== false) {
            $option_price *= $autocalc_discount_coefficient;
        }
        if ($autocalc_special_coefficient !== false) {
            $option_price *= $autocalc_special_coefficient;
        }
      ]]></add>
    </operation>
  </file>
 <file path="catalog/model/catalog/product.php">
    <operation>
      <search><![CDATA[=> $product_option_value['weight'],]]></search>
      <add position="before"><![CDATA[
        'points'        => $product_option_value['points'],
        'points_prefix' => $product_option_value['points_prefix'],
      ]]></add>
    </operation>
  </file>
<file path="catalog/controller/product/product.php">
    <operation>
      <search><![CDATA[$data['options'] = array();]]></search>
      <add position="before"><![CDATA[
        if ($data['price']) {
            $data['price'] = '<span data-value=\'' . $this->tax->calculate($product_info['price'], $product_info['tax_class_id'], $this->config->get('config_tax')) . '\' class=\'autocalc-product-price\'>' . $data['price'] . '</span>';
        }
        if ($data['special']) {
            $data['special'] = '<span data-value=\'' . $this->tax->calculate($product_info['special'], $product_info['tax_class_id'], $this->config->get('config_tax')) . '\' class=\'autocalc-product-special\'>' . $data['special'] . '</span>';
        }
        if ($data['points']) {
            $data['points'] = '<span data-value=\'' . $product_info['points'] . '\' class=\'autocalc-product-points\'>' . $data['points'] . '</span>';
        }
        if ($data['tax']) {
            $data['tax'] = '<span data-value=\'' . (float)($product_info['special'] ? $product_info['special'] : $product_info['price']) . '\' class=\'autocalc-product-tax\'>' . $data['tax'] . '</span>';
        }
        $data['apo_price_value'] = $product_info['price'];
        $data['apo_special_value'] = $product_info['special'];
        $data['apo_tax_value'] = (float)$product_info['special'] ? $product_info['special'] : $product_info['price'];
        $data['apo_points_value'] = $product_info['points'];
        $currency_code = $this->session->data['currency'];
        $data['autocalc_currency'] = array(
            'value'           => (float)$this->currency->getValue($currency_code),
            'symbol_left'     => str_replace("'", "\'", $this->currency->getSymbolLeft($currency_code)),
            'symbol_right'    => str_replace("'", "\'", $this->currency->getSymbolRight($currency_code)),
            'decimals'        => (int)$this->currency->getDecimalPlace($currency_code),
            'decimal_point'   => $this->language->get('decimal_point'),
            'thousand_point'  => $this->language->get('thousand_point'),
        );
        $currency2_code = $this->config->get('config_currency2');
        if ($this->currency->has($currency2_code) && $currency2_code != $currency_code) {
            $currency_code = $currency2_code;
            $data['autocalc_currency2'] = array(
                'value'           => (float)$this->currency->getValue($currency_code),
                'symbol_left'     => str_replace("'", "\'", $this->currency->getSymbolLeft($currency_code)),
                'symbol_right'    => str_replace("'", "\'", $this->currency->getSymbolRight($currency_code)),
                'decimals'        => (int)$this->currency->getDecimalPlace($currency_code),
                'decimal_point'   => $this->language->get('decimal_point'),
                'thousand_point'  => $this->language->get('thousand_point'),
            );
        }
        $data['discounts_raw'] = $discounts;
        $data['tax_class_id'] = $product_info['tax_class_id'];
        $data['tax_rates'] = $this->tax->getRates(0, $product_info['tax_class_id']);
        $data['autocalc_option_special'] = $this->config->get('config_autocalc_option_special');
        $data['autocalc_option_discount'] = $this->config->get('config_autocalc_option_discount');
        $data['autocalc_not_mul_qty'] = $this->config->get('config_autocalc_not_mul_qty');
        $data['autocalc_select_first'] = $this->config->get('config_autocalc_select_first');
      ]]></add>
    </operation>
    <operation>
      <search><![CDATA[$product_option_value_data[] = array(]]></search>
      <add position="before"><![CDATA[
        if ($price) {
            switch ($option_value['price_prefix']) {
                case '%':
                    $price = ($option_value['price'] > 0 ? '+' : '') . (float)$option_value['price'] . '%';
                    break;
                case '*':
                    $price = '*' . (float)$option_value['price'];
                    break;
                case '/':
                    $price = '/' . (float)$option_value['price'];
                    break;
            }
        }
        if ($this->config->get('config_autocalc_hide_option_price')) $price = false;
      ]]></add>
    </operation>
    <operation>
      <search><![CDATA[$product_option_value_data[] = array(]]></search>
      <add position="after"><![CDATA[
        'apo_price_value'               => $option_value['price'],
        'apo_points_value'              => isset($option_value['points_prefix']) && $option_value['points'] ? intval($option_value['points_prefix'].$option_value['points']) : 0,
      ]]></add>
    </operation>
  </file>
<file path="catalog/controller/common/footer.php">
    <operation>
      <search><![CDATA[public function index() {]]></search>
      <add position="after"><![CDATA[
        $currency_code = $this->session->data['currency'];
        $data['autocalc_currency'] = array(
            'value'           => (float)$this->currency->getValue($currency_code),
            'symbol_left'     => str_replace("'", "\'", $this->currency->getSymbolLeft($currency_code)),
            'symbol_right'    => str_replace("'", "\'", $this->currency->getSymbolRight($currency_code)),
            'decimals'        => (int)$this->currency->getDecimalPlace($currency_code),
            'decimal_point'   => $this->language->get('decimal_point'),
            'thousand_point'  => $this->language->get('thousand_point'),
        );
        $data['autocalc_option_special'] = $this->config->get('config_autocalc_option_special');
        $data['autocalc_option_discount'] = $this->config->get('config_autocalc_option_discount');
        $data['autocalc_not_mul_qty'] = $this->config->get('config_autocalc_not_mul_qty');
        $data['autocalc_select_first'] = $this->config->get('config_autocalc_select_first');
      ]]></add>
    </operation>
  </file>
  <file path="catalog/controller/{product/*,extension/module/*}.php">
    <operation error="skip">
      <search><![CDATA[$option_price = $this->currency->format]]></search>
      <add position="after"><![CDATA[
        if ($this->config->get('config_autocalc_hide_option_price')) $option_price = false;
      ]]></add>
    </operation>
    <operation error="skip">
      <search><![CDATA[$price = $this->currency->format($this->tax->calculate($option_value['price']]]></search>
      <add position="after"><![CDATA[
        if ($this->config->get('config_autocalc_hide_option_price')) $price = false;
      ]]></add>
    </operation>
  </file>
  <file path="catalog/view/theme/essence/template/product/product.twig">
    <operation error="skip">
      <search><![CDATA[{{ option_value['price_prefix'] }}{{ option_value['price'] }}]]></search>
      <add position="replace"><![CDATA[{{ option_value.price_prefix }}{{ option_value.price }}]]></add>
    </operation>
    <operation error="skip">
      <search><![CDATA[{{ option_value.price_prefix }}{{ option_value.price }}]]></search>
      <add position="replace"><![CDATA[{% if option_value.price_prefix == '+' or option_value.price_prefix == '-' %}{{ option_value.price_prefix }}{% endif %}{{ option_value.price }}]]></add>
    </operation>
    <operation error="skip">
      <search><![CDATA[value="{{ option_value.product_option_value_id }}"]]></search>
      <add position="replace"><![CDATA[value="{{ option_value.product_option_value_id }}" data-points="{{ option_value.apo_points_value }}" data-prefix="{{ option_value.price_prefix }}" data-price="{{ option_value.apo_price_value }}"]]></add>
    </operation>
    <operation error="skip">
      <search><![CDATA[{{option_value.price_prefix}}{{option_value.price}}]]></search>
      <add position="replace"><![CDATA[{% if option_value.price_prefix == '+' or option_value.price_prefix == '-' %}{{ option_value.price_prefix }}{% endif %}{{ option_value.price }}]]></add>
    </operation>
    <operation error="skip">
      <search><![CDATA[value="{{option_value.product_option_value_id}}"]]></search>
      <add position="replace"><![CDATA[value="{{ option_value.product_option_value_id }}" data-points="{{ option_value.apo_points_value }}" data-prefix="{{ option_value.price_prefix }}" data-price="{{ option_value.apo_price_value }}"]]></add>
    </operation>    
    <operation error="skip">
      <search><![CDATA[value="{{ option_value['product_option_value_id'] }}"]]></search>
      <add position="replace"><![CDATA[value="{{ option_value['product_option_value_id'] }}" data-points="{{ option_value.apo_points_value }}" data-prefix="{{ option_value.price_prefix }}" data-price="{{ option_value.apo_price_value }}"]]></add>
    </operation>
  </file>
  <file path="catalog/controller/extension/module/*.php">
	<operation error="log">
	<search><![CDATA[$result['product_id'],]]></search>
	<add position="after"><![CDATA['quantity' => $result['quantity'],]]></add>
	</operation>
</file>
<file path="catalog/controller/extension/module/*.php">
	<operation error="log">
	<search><![CDATA[$product_info['product_id'],]]></search>
	<add position="after"><![CDATA['quantity' => $product_info['quantity'],]]></add>
	</operation>
</file>
<file path="catalog/controller/product/*.php">
	<operation error="log">
	<search><![CDATA[$result['product_id'],]]></search>
	<add position="after"><![CDATA['quantity' => $result['quantity'],]]></add>
	</operation>
</file>
<file path="catalog/controller/product/product.php">
	<operation error="log">
	<search><![CDATA[if ($product_info['quantity'] <= 0) {]]></search>
	<add position="before"><![CDATA[$data['quantity'] = $product_info['quantity'];]]></add>
	</operation>
</file>
</modification>