<?xml version="1.0" encoding="UTF-8"?>
<modification>
   <id>grafit theme</id>
   <name>grafit theme</name>
   <code>grafit_theme</code>
   <version>1.0.1</version>
   <link>https://madehtml5.github.io/</link>
   <author>https://madehtml5.github.io/</author>
      	<file path="admin/controller/catalog/product.php">
		<operation>
			<search><![CDATA[if (isset($this->request->post['points'])) {]]>
			</search>
			<add position="before">
				<![CDATA[
				if ($this->db->query("SHOW TABLES LIKE '". DB_PREFIX ."product_newtabcontent'")->num_rows == 0) {
            $sql = "CREATE TABLE IF NOT EXISTS `" . DB_PREFIX . "product_newtabcontent` (
				  `product_id` int(11) NOT NULL,
				  `language_id` int(11) NOT NULL,
				  `newtabcontent`text NOT NULL,
				   `name`varchar(255) NOT NULL
				) ENGINE=MyISAM COLLATE=utf8_general_ci";
            $this->db->query($sql);          
      }
					if (isset($this->request->post['product_newtabcontent'])) {
			$data['product_newtabcontent'] = $this->request->post['product_newtabcontent'];
		} elseif (isset($this->request->get['product_id'])) {
			$data['product_newtabcontent'] = $this->model_catalog_product->getProductExtraContent($this->request->get['product_id']);
		} else {
			$data['product_newtabcontent'] = array();
		}
		]]></add>
		</operation>
    </file>
    <file path="admin/model/catalog/product.php">
		<operation>
			<search><![CDATA[foreach ($data['product_description'] as $language_id => $value) {]]>
			</search>
			<add position="before">
				<![CDATA[
			if(isset($data['product_newtabcontent'])) {
				$this->db->query("DELETE FROM " . DB_PREFIX . "product_newtabcontent WHERE product_id = '" . (int)$product_id . "'");
				foreach ($data['product_newtabcontent'] as $language_id => $value) {
					$this->db->query("INSERT INTO " . DB_PREFIX . "product_newtabcontent SET product_id = '" . (int)$product_id . "', language_id = '" . (int)$language_id . "', newtabcontent = '" . $this->db->escape($value['newtabcontent']) . "',  name = '" . $this->db->escape($value['name']) . "'");
				}
			}
				]]></add>
		</operation>
		<operation>
			<search><![CDATA[public function getProductOptions($product_id) {]]>
			</search>
			<add position="before">
				<![CDATA[
				public function getProductExtraContent($product_id) {
					$product_newtabcontent_data = array();
					$query = $this->db->query("SELECT * FROM " . DB_PREFIX . "product_newtabcontent WHERE product_id = '" . (int)$product_id . "'");
					foreach ($query->rows as $result) {
						$product_newtabcontent_data[$result['language_id']] = array(
							'newtabcontent'             => $result['newtabcontent'],
							'name'             => $result['name']
						);
					}
					return $product_newtabcontent_data;
				}
				]]></add>
		</operation>
    </file>
    <file path="admin/view/template/catalog/product_form.twig">
		<operation>
			<search><![CDATA[<label class="col-sm-2 control-label" for="input-tag{{ language.language_id }}"><span data-toggle="tooltip" title="{{ help_tag }}">{{ entry_tag }}</span></label>]]>
			</search>
			<add position="before">
				<![CDATA[
				 <label class="col-sm-2 control-label" for="input-newtabna }} language.language_id }}"><span data-toggle="tooltip" title="Tab Name will be shown on product page">New Tab Name</span></label>
                    <div class="col-sm-10">
                      <input type="text" name="product_newtabcontent[{{ language.language_id }}][name]" value="{{ product_newtabcontent[language.language_id] ? product_newtabcontent[language.language_id].name }}" placeholder="Enter New Tab Name" id="input-newtabname{{ language.language_id }}" class="form-control" />
                </div>
              </div>
            <div class="form-group">
                <label class="col-sm-2 control-label" for="input-newtabcontent{{ language.language_id }}">New Tab Content</label>
                <div class="col-sm-10">
                  <textarea class="form-control" name="product_newtabcontent[{{ language.language_id }}][newtabcontent]" placeholder="Enter New Tab Content" id="input-newtabcontent{{ language.language_id }}" data-toggle="summernote" data-lang="{{ summernote }}">{{ product_newtabcontent[language.language_id] ? product_newtabcontent[language.language_id].newtabcontent }}</textarea>
                </div>
              </div>
             <div class="form-group">
		]]></add>
		</operation>
    </file><file path="admin/view/template/common/footer.twig">
      <operation error="skip">
         <search><![CDATA[{{ text_footer }}]]></search>
         <add position="replace"><![CDATA[changed by <a href="https://madehtml5.github.io/" target="_blank" style="color:#ff7361">made <i class="fa fa-html5" font-size:1.25em" aria-hidden="true"></i> me</a>]]></add>
      </operation>
   </file>
      <file path="catalog/controller/account/wishlist.php">
      <operation error="skip">
         <search><![CDATA[$json['total'] = sprintf($this->language->get('text_wishlist'), (isset($this->session->data['wishlist']) ? count($this->session->data['wishlist']) : 0));]]></search>
         <add position="replace"><![CDATA[$json['total'] = sprintf((isset($this->session->data['wishlist']) ? count($this->session->data['wishlist']) : 0));]]></add>
      </operation>
      <operation error="skip">
         <search><![CDATA[$json['total'] = sprintf($this->language->get('text_wishlist'), $this->model_account_wishlist->getTotalWishlist());]]></search>
         <add position="replace"><![CDATA[$json['total'] = sprintf($this->model_account_wishlist->getTotalWishlist());]]></add>
      </operation>
   </file>
   <file path="catalog/controller/checkout/cart.php|catalog/controller/common/cart.php">
      <operation error="skip">
         <search><![CDATA[$this->language->get('text_items')]]></search>
         <add position="replace"><![CDATA[$this->language->get('%s')]]></add>
      </operation>
   </file>
     <file path="catalog/controller/checkout/cart.php">
      <operation error="skip">
         <search><![CDATA[public function remove() {]]></search>
         <add position="before"><![CDATA[public function change_price(){
		$json = array();	
		if (isset($this->request->post['product_id'])) {
			$product_id = $this->request->post['product_id'];
		}
		if (isset($this->request->post['quantity'])) {
			$quantity = $this->request->post['quantity'];
		}
		if (isset($this->request->post['cartid'])) {
			$cartid = $this->request->post['cartid'];
		}
$this->cart->update($cartid, $quantity);
$products = $this->cart->getProducts();
$this->load->language('common/cart');
$this->load->model('setting/extension');
$totals = array();
		$taxes = $this->cart->getTaxes();
		$total = 0;
	$total_data = array(
			'totals' => &$totals,
			'taxes'  => &$taxes,
			'total'  => &$total
		);
		if ($this->customer->isLogged() || !$this->config->get('config_customer_price')) {
			$sort_order = array();
			$results = $this->model_setting_extension->getExtensions('total');
			foreach ($results as $key => $value) {
				$sort_order[$key] = $this->config->get('total_' . $value['code'] . '_sort_order');
			}
			array_multisort($sort_order, SORT_ASC, $results);
			foreach ($results as $result) {
				if ($this->config->get('total_' . $result['code'] . '_status')) {
					$this->load->model('extension/total/' . $result['code']);

					// We have to put the totals in an array so that they pass by reference.
					$this->{'model_extension_total_' . $result['code']}->getTotal($total_data);
				}
			}
			$sort_order = array();
			foreach ($totals as $key => $value) {
				$sort_order[$key] = $value['sort_order'];
			}
			array_multisort($sort_order, SORT_ASC, $totals);
		}
		$json['update_cart'] = sprintf($this->language->get('text_items'), $this->cart->countProducts() + (isset($this->session->data['vouchers']) ? count($this->session->data['vouchers']) : 0), $this->currency->format($total, $this->session->data['currency']));		
		$data['totals'] = array();
		foreach ($totals as $total) {
			$json['totals'][] = array(
				'title' => $total['title'],
				'text'  => $this->currency->format($total['value'], $this->session->data['currency'])
			);
		}
foreach ($products as $product) {
if($product['product_id'] == $product_id){
$json['update_price'] = $this->currency->format($product['total'], $this->session->data['currency']);
				}
 $json['update_getsubtotal'] = $this->currency->format($this->cart->getSubTotal(), $this->session->data['currency']);
			}
if($this->cart->getTaxes()){
			foreach ($this->cart->getTaxes() as $key => $value) {
					$json['update_vat'] =  $this->currency->format($value, $this->session->data['currency']);
					//array_splice($json['update_vat'],1);
	 				$json['update_gettotal'] = $this->currency->format($this->cart->getTotal() + $value, $this->session->data['currency']);
	 			}
	 		}else{  
	 			$json['update_gettotal'] = $this->currency->format($this->cart->getTotal(), $this->session->data['currency']);
	 		}
		$this->response->addHeader('Content-Type: application/json');
		$this->response->setOutput(json_encode($json));
	}]]></add>
      </operation>
      <operation error="skip">
         <search><![CDATA[$data['products'][] = array(]]></search>
         <add position="after"><![CDATA['product_id'   => $product['product_id'],]]></add>
      </operation>
   </file>
   <file path="catalog/controller/common/header.php">
      <operation error="skip">
         <search><![CDATA[$data['name'] = $this->config->get('config_name');]]></search>
         <add position="after"><![CDATA[$data['lang'] = $this->config->get('config_language_id');		 
		$data['admin_topbaner_status'] = $this->config->get('admin_topbaner_status');
		$data['admin_topbaner_img'] = $this->config->get('admin_topbaner_img');
		$data['admin_topbaner_link'] = $this->config->get('admin_topbaner_link');
		$data['admin_color_main'] = $this->config->get('admin_color_main');
		$data['admin_color_main2'] = $this->config->get('admin_color_main2');
		$data['admin_text_color'] = $this->config->get('admin_text_color');
		$data['admin_text_color2'] = $this->config->get('admin_text_color2');
		$data['admin_bg_color'] = $this->config->get('admin_bg_color');
		$data['admin_bg_color2'] = $this->config->get('admin_bg_color2');
		$data['admin_font'] = $this->config->get('admin_font');
		$data['font_admin'] = str_replace("+", " ", $this->config->get('admin_font'));
		$data['admin_custom_css'] = $this->config->get('admin_custom_css');
		$data['admin_custom_js'] = $this->config->get('admin_custom_js');
		$this->load->language('account/login');
		$data['text_new_customer'] = $this->language->get('text_new_customer');
		$data['text_register'] = $this->language->get('text_register');
		$data['text_register_account'] = $this->language->get('text_register_account');
		$data['text_returning_customer'] = $this->language->get('text_returning_customer');
		$data['text_i_am_returning_customer'] = $this->language->get('text_i_am_returning_customer');
		$data['text_forgotten'] = $this->language->get('text_forgotten');
		$data['entry_email'] = $this->language->get('entry_email');
		$data['entry_password'] = $this->language->get('entry_password');
		$data['button_continue'] = $this->language->get('button_continue');
		$data['button_login'] = $this->language->get('button_login');
		if (isset($this->session->data['error'])) {
			$data['error_warning'] = $this->session->data['error'];
			unset($this->session->data['error']);
		} elseif (isset($this->error['warning'])) {
			$data['error_warning'] = $this->error['warning'];
		} else {
			$data['error_warning'] = '';
		}
		$data['action'] = $this->url->link('account/login', '', true);
		$data['register'] = $this->url->link('account/register', '', true);
		$data['forgotten'] = $this->url->link('account/forgotten', '', true);
		if (isset($this->request->post['redirect']) && (strpos($this->request->post['redirect'], $this->config->get('config_url')) !== false || strpos($this->request->post['redirect'], $this->config->get('config_ssl')) !== false)) {
			$data['redirect'] = $this->request->post['redirect'];
		} elseif (isset($this->session->data['redirect'])) {
			$data['redirect'] = $this->session->data['redirect'];
			unset($this->session->data['redirect']);
		} else {
			$data['redirect'] = '';
		}
		if (isset($this->session->data['success'])) {
			$data['success'] = $this->session->data['success'];
			unset($this->session->data['success']);
		} else {
			$data['success'] = '';
		}
		if (isset($this->request->post['email'])) {
			$data['email'] = $this->request->post['email'];
		} else {
			$data['email'] = '';
		}
		if (isset($this->request->post['password'])) {
			$data['password'] = $this->request->post['password'];
		} else {
			$data['password'] = '';
		}
		$data['text_compare'] = (isset($this->session->data['compare']) ? count($this->session->data['compare']) : 0);
		$data['compare'] = $this->url->link('product/compare');
		$host = isset($this->request->server['HTTPS']) && (($this->request->server['HTTPS'] == 'on') || ($this->request->server['HTTPS'] == '1')) ? HTTPS_SERVER : HTTP_SERVER;
		if ($this->request->server['REQUEST_URI'] == '/') {
			$data['og_url'] = $this->url->link('common/home');
		} else {
			$data['og_url'] = $host . substr($this->request->server['REQUEST_URI'], 1, (strlen($this->request->server['REQUEST_URI'])-1));
		}]]></add>
      </operation>
      <operation error="skip">
         <search><![CDATA[$this->language->get('text_wishlist'),]]></search>
         <add position="replace" />
      </operation>
   </file>
   <file path="catalog/controller/common/menu.php">
      <operation>
         <search><![CDATA[$data['categories'] = array();]]></search>
         <add position="after"><![CDATA[$data['special'] = $this->url->link('product/special');]]></add>
      </operation>
      <operation>
         <search><![CDATA[$data['categories'][] = array(]]></search>
         <add position="before"><![CDATA[if ($category['image']) {
					$category['image'] = $this->model_tool_image->resize($category['image'], 32, 32);
				} else {
					$category['image'] = $this->model_tool_image->resize('placeholder.png', 32, 32);
				}]]></add>
      </operation>
      <operation>
         <search><![CDATA[foreach ($children as $child) {]]></search>
         <add position="after"><![CDATA[if ($child['image']) {
					$child['image'] = $this->model_tool_image->resize($child['image'], 36, 36);
				} else {
					$child['image'] = $this->model_tool_image->resize('placeholder.png', 36, 36);
				}]]></add>
      </operation>
      <operation>
         <search><![CDATA[$data['categories'][] = array(]]></search>
         <add position="after"><![CDATA['image' => $category['image'],]]></add>
      </operation>
      <operation>
         <search><![CDATA[$children_data[] = array(]]></search>
         <add position="after"><![CDATA['image' => $child['image'],]]></add>
      </operation>
      <operation>
         <search><![CDATA[$this->load->model('catalog/product');]]></search>
         <add position="after"><![CDATA[$this->load->model('tool/image');]]></add>
      </operation>
      <operation>
         <search><![CDATA[foreach ($children as $child) {]]></search>
         <add position="after"><![CDATA[$gchildren_data = array();
				    $gchildren = $this->model_catalog_category->getCategories($child['category_id']);
				    foreach ($gchildren as $gchild) {
				        $gchildren_filter_data = array(
				            'filter_category_id'  => $gchild['category_id'],
				            'filter_sub_category' => true
				        );
				        $gchildren_data[] = array(
				            'name'  => $gchild['name'] . ($this->config->get('config_product_count') ? ' (' . $this->model_catalog_product->getTotalProducts($gchildren_filter_data) . ')' : ''),
				            'href'  => $this->url->link('product/category', 'path=' . $category['category_id'] . '_' . $child['category_id'] . '_' . $gchild['category_id'])
				        );
				    }]]></add>
      </operation>
      <operation>
         <search><![CDATA['name'  => $child['name'] . ($this->config->get('config_product_count') ? ' (' . $this->model_catalog_product->getTotalProducts($filter_data) . ')' : ''),]]></search>
         <add position="after"><![CDATA['gchildren' => $gchildren_data,
				'column'   => $child['column'] ? $child['column'] : 1,]]></add>
      </operation>
   </file>
    <file path="catalog/controller/common/footer.php">
      <operation>
         <search><![CDATA[return $this->load->view('common/footer', $data);]]></search>
         <add position="before"><![CDATA[$data['schemas_org'] = $this->document->getSchema();]]></add>
      </operation>
	    <operation>
         <search><![CDATA[public function index() {]]></search>
         <add position="after"><![CDATA[
		 $data['address'] = nl2br($this->config->get('config_address'));
		$data['telephone'] = $this->config->get('config_telephone');
		$data['fax'] = $this->config->get('config_fax');
		$data['open'] = nl2br($this->config->get('config_open'));
		$data['mail'] = nl2br($this->config->get('config_email'));
		$data['language'] = $this->load->controller('common/language');
		$data['lang'] = $this->config->get('config_language_id');
		$data['admin_footerlink1_status'] = $this->config->get('admin_footerlink1_status');
		$data['admin_footerlink2_status'] = $this->config->get('admin_footerlink2_status');
		$data['admin_footerlink3_status'] = $this->config->get('admin_footerlink3_status');
		$data['admin_footerlink4_status'] = $this->config->get('admin_footerlink4_status');
		$data['admin_footerlink5_status'] = $this->config->get('admin_footerlink5_status');
		$data['admin_footerpay1_status'] = $this->config->get('admin_footerpay1_status');
		$data['admin_footerpay2_status'] = $this->config->get('admin_footerpay2_status');
		$data['admin_footerpay3_status'] = $this->config->get('admin_footerpay3_status');
		$data['admin_footerpay4_status'] = $this->config->get('admin_footerpay4_status');
		$data['admin_footerpay5_status'] = $this->config->get('admin_footerpay5_status');
		$data['admin_footertext_status'] = $this->config->get('admin_footertext_status');
		$data['admin_footerlink1_img'] = $this->config->get('admin_footerlink1_img');
		$data['admin_footerlink2_img'] = $this->config->get('admin_footerlink2_img');
		$data['admin_footerlink3_img'] = $this->config->get('admin_footerlink3_img');
		$data['admin_footerlink4_img'] = $this->config->get('admin_footerlink4_img');
		$data['admin_footerlink5_img'] = $this->config->get('admin_footerlink5_img');
		$data['admin_footerlink1_text'] = $this->config->get('admin_footerlink1_text');
		$data['admin_footerlink2_text'] = $this->config->get('admin_footerlink2_text');
		$data['admin_footerlink3_text'] = $this->config->get('admin_footerlink3_text');
		$data['admin_footerlink4_text'] = $this->config->get('admin_footerlink4_text');
		$data['admin_footerlink5_text'] = $this->config->get('admin_footerlink5_text');
		$data['admin_footerpay1_img'] = $this->config->get('admin_footerpay1_img');
		$data['admin_footerpay2_img'] = $this->config->get('admin_footerpay2_img');
		$data['admin_footerpay3_img'] = $this->config->get('admin_footerpay3_img');
		$data['admin_footerpay4_img'] = $this->config->get('admin_footerpay4_img');
		$data['admin_footerpay5_img'] = $this->config->get('admin_footerpay5_img');
		$data['admin_footertext_img'] = $this->config->get('admin_footertext_img');
		$currency_code = $this->session->data['currency'];
        $data['autocalc_currency'] = array(
            'value'           => (float)$this->currency->getValue($currency_code),
            'symbol_left'     => str_replace("'", "\'", $this->currency->getSymbolLeft($currency_code)),
            'symbol_right'    => str_replace("'", "\'", $this->currency->getSymbolRight($currency_code)),
            'decimals'        => (int)$this->currency->getDecimalPlace($currency_code),
            'decimal_point'   => $this->language->get('decimal_point'),
            'thousand_point'  => $this->language->get('thousand_point'),
        );
        $data['autocalc_option_special'] = $this->config->get('config_autocalc_option_special');
        $data['autocalc_option_discount'] = $this->config->get('config_autocalc_option_discount');
        $data['autocalc_not_mul_qty'] = $this->config->get('config_autocalc_not_mul_qty');
        $data['autocalc_select_first'] = $this->config->get('config_autocalc_select_first');]]></add>
      </operation>
   </file>
      <file path="catalog/controller/common/home.php">
      <operation>
         <search><![CDATA[$data['footer'] = $this->load->controller('common/footer');]]></search>
         <add position="before"><![CDATA[$schema = array('@context' => 'http://schema.org');
$schema['@type'] = 'Organization';
$schema['name'] = $this->config->get('config_meta_title');
if ($this->request->server['HTTPS']) {
    $schema['url'] = $this->config->get('config_ssl');
} else {
    $schema['url'] = $this->config->get('config_url');
}
if (is_file(DIR_IMAGE . $this->config->get('config_logo'))) {
    $schema['logo'] = $this->config->get('config_logo');
}
$schema['contactPoint'] = array('@type' => 'ContactPoint', 'telephone' => $this->config->get('config_telephone'), 'contactType' => 'customer support', 'email' => $this->config->get('config_email'));
$this->document->setSchema($schema);]]></add>
      </operation>
   </file>
     <file path="catalog/controller/common/search.php">
      <operation error="skip">
         <search><![CDATA[$this->load->language('common/search');]]></search>
         <add position="after"><![CDATA[$this->load->model('catalog/category');
		$data['categories'] = array();
		$categories_1 = $this->model_catalog_category->getCategories(0);
		foreach ($categories_1 as $category_1) {
			$level_2_data = array();
			$categories_2 = $this->model_catalog_category->getCategories($category_1['category_id']);
			foreach ($categories_2 as $category_2) {
				$level_3_data = array();
				$categories_3 = $this->model_catalog_category->getCategories($category_2['category_id']);
				foreach ($categories_3 as $category_3) {
					$level_3_data[] = array(
						'category_id' => $category_3['category_id'],
						'name'        => $category_3['name'],
					);
				}
				$level_2_data[] = array(
					'category_id' => $category_2['category_id'],
					'name'        => $category_2['name'],
					'children'    => $level_3_data
				);
			}
			$data['categories'][] = array(
				'category_id' => $category_1['category_id'],
				'name'        => $category_1['name'],
				'children'    => $level_2_data
			);
		}]]></add>
      </operation>
   </file>
      <file path="catalog/controller/extension/module/*.php">
      <operation error="skip">
         <search><![CDATA[$result['product_id'],]]></search>
         <add position="after"><![CDATA['quantity' => $result['quantity'],]]></add>
      </operation>
      <operation error="skip">
         <search><![CDATA[$product_info['product_id'],]]></search>
         <add position="after"><![CDATA['quantity' => $product_info['quantity'],]]></add>
      </operation>
   </file>
    <file path="catalog/controller/extension/module/{bestseller,latest,special}.php">
      <operation>
         <search><![CDATA[$data['products'][] = array(]]></search>
         <add position="before"><![CDATA[$image_results = $this->model_catalog_product->getProductImages($result['product_id']);

				if ($image_results) {
					$image2 = $this->model_tool_image->resize($image_results[0]['image'], $setting['width'], $setting['height']);
				} else {
					$image2 = false;
			    }]]></add>
      </operation>
      <operation>
         <search><![CDATA['thumb'       => $image,]]></search>
         <add position="after"><![CDATA['thumb2'       => $image2,]]></add>
      </operation>
   </file>
   <file path="catalog/controller/extension/module/featured.php">
      <operation>
         <search><![CDATA[$data['products'][] = array(]]></search>
         <add position="before"><![CDATA[$image_results = $this->model_catalog_product->getProductImages($product_info['product_id']);

				if ($image_results) {
					$image2 = $this->model_tool_image->resize($image_results[0]['image'], $setting['width'], $setting['height']);
				} else {
					$image2 = false;
			    }]]></add>
      </operation>
      <operation>
         <search><![CDATA['thumb'       => $image,]]></search>
         <add position="after"><![CDATA['thumb2'       => $image2,]]></add>
      </operation>
   </file>
     <file path="catalog/controller/{product/*,extension/module/*}.php">
      <operation error="skip">
         <search><![CDATA[$option_price = $this->currency->format]]></search>
         <add position="after"><![CDATA[if ($this->config->get('config_autocalc_hide_option_price')) $option_price = false;]]></add>
      </operation>
      <operation error="skip">
         <search><![CDATA[$price = $this->currency->format($this->tax->calculate($option_value['price']]]></search>
         <add position="after"><![CDATA[if ($this->config->get('config_autocalc_hide_option_price')) $price = false;]]></add>
      </operation>
   </file>
   <file path="catalog/controller/information/{information,contact,sitemap}.php">
      <operation>
         <search><![CDATA[$data['footer'] = $this->load->controller('common/footer');]]></search>
         <add position="before"><![CDATA[$schema = array('@context' => 'http://schema.org');
$schema['@type'] = 'Organization';
$schema['name'] = $this->config->get('config_meta_title');
if ($this->request->server['HTTPS']) {
    $schema['url'] = $this->config->get('config_ssl');
} else {
    $schema['url'] = $this->config->get('config_url');
}
if (is_file(DIR_IMAGE . $this->config->get('config_logo'))) {
    $schema['logo'] = $this->config->get('config_logo');
}
$schema['contactPoint'] = array('@type' => 'ContactPoint', 'telephone' => $this->config->get('config_telephone'), 'contactType' => 'customer support', 'email' => $this->config->get('config_email'));
$this->document->setSchema($schema);]]></add>
      </operation>
   </file>
   <file path="catalog/controller/product/compare.php">
      <operation error="skip">
         <search><![CDATA[$json['total'] = sprintf($this->language->get('text_compare'), (isset($this->session->data['compare']) ? count($this->session->data['compare']) : 0));]]></search>
         <add position="after"><![CDATA[$json['text_compare'] = (isset($this->session->data['compare']) ? count($this->session->data['compare']) : 0);]]></add>
      </operation>
   </file>
 <file path="catalog/controller/product/{category,manufacturer}.php">
      <operation>
         <search><![CDATA[$data['footer'] = $this->load->controller('common/footer');]]></search>
         <add position="before"><![CDATA[$schema = array('@context'=>'http://schema.org');
$schema['@type'] = 'BreadcrumbList';
$number = 1;
foreach ($data['breadcrumbs'] as $breadcrumb) {
    if ($number == 1) {
        $text = 'Home';
    } else {
        $text = $breadcrumb['text'];
    }
    $schema['itemListElement'][] = array('@type' => 'ListItem', 'position' => $number, 'item' => array('@id' => $breadcrumb['href'], 'name' => $text));
    $number++;
}
$this->document->setSchema($schema);]]></add>
      </operation>
   </file>
<file path="catalog/controller/product/product.php">
  <operation error="skip">
         <search><![CDATA[$this->document->addScript('catalog/view/javascript/jquery/magnific/jquery.magnific-popup.min.js');]]></search>
         <add position="replace"><![CDATA[$this->document->addScript('catalog/view/theme/grafit/fancybox.umd.js');]]></add>
     	 </operation>
  <operation error="skip">
         <search><![CDATA[$this->document->addStyle('catalog/view/javascript/jquery/magnific/magnific-popup.css');]]></search>
         <add position="replace"><![CDATA[$this->document->addStyle('catalog/view/theme/grafit/fancybox.css');]]></add>
     	 </operation>
      <operation>
         <search><![CDATA[$data['heading_title'] = $product_info['name'];]]></search>
         <add position="after"><![CDATA[$this->load->model('tool/image');
$this->load->model('catalog/review');
$schema = array('@context'=>'http://schema.org');
$schema['@type'] = 'Product';
$schema['name'] = $product_info['name'];
if($product_info['meta_description']){
$schema['description'] = $product_info['meta_description'];
}
if ($product_info['image']) {
    $schema['image'] = $this->model_tool_image->resize($product_info['image'], $this->config->get('theme_' . $this->config->get('config_theme') . '_image_popup_width'), $this->config->get('theme_' . $this->config->get('config_theme') . '_image_popup_height'));
}
if ($product_info['mpn']) {
    $schema['mpn'] = $product_info['mpn'];
}
if ($product_info['sku']) {
    $schema['sku'] = $product_info['sku'];
}
if ($product_info['ean']) {
    $schema['gtin'] = $product_info['ean'];
}
if ($product_info['model']) {
    $schema['model'] = $product_info['model'];
}
$schema['offers']['@type'] = 'Offer';
if ($product_info['special']) {
    $schema['offers']['price'] = $this->tax->calculate($product_info['special'], $product_info['tax_class_id'], $this->config->get('config_tax'));
} else {
    $schema['offers']['price'] = $this->tax->calculate($product_info['price'], $product_info['tax_class_id'], $this->config->get('config_tax'));
}
$schema['offers']['price'] = floatval($schema['offers']['price']);
$schema['offers']['priceCurrency'] = $this->config->get('config_currency');
$schema['offers']['url'] = $this->url->link('product/product' . '&product_id=' . $this->request->get['product_id']);
if ($product_info['quantity'] >= 0) {
    $schema['offers']['availability'] = 'http://schema.org/InStock';
} else {
    $schema['offers']['availability'] = 'http://schema.org/OutOfStock';
}
if ($product_info['special_date_end']) {
    $schema['offers']['priceValidUntil'] = $product_info['special_date_end'];
}else{
	$schema['offers']['priceValidUntil'] = '3000-01-01';
}
if ((int)$product_info['reviews'] > 0) {
    $schema['aggregateRating']['@type'] = 'AggregateRating';
    $schema['aggregateRating']['ratingValue'] = (int)$product_info['rating'];
    $schema['aggregateRating']['reviewCount'] = (int)$product_info['reviews'];
}
if ($product_info['manufacturer']) {
    $schema['brand']['@type'] = 'Thing';
    $schema['brand']['name'] = $product_info['manufacturer'];
    $schema['brand']['url'] = $this->url->link('product/manufacturer/info', 'manufacturer_id=' . $product_info['manufacturer_id']);
}
$reviews = $this->model_catalog_review->getReviewsByProductId($this->request->get['product_id'], (1 - 1) * 5, 5);
if ($reviews) {
    foreach ($reviews as $review) {
        $schema['review'][] = array('@type' => 'Review', 'author' => $review['author'], 'datePublished' => date($this->language->get('date_format_short'), strtotime($review['date_added'])), 'description' => strip_tags(html_entity_decode($review['text'], ENT_QUOTES, 'UTF-8')));
    }
}
$this->document->setSchema($schema);
unset($schema);
$schema = array('@context'=>'http://schema.org');
$schema['@type'] = 'BreadcrumbList';
$number = 1;
foreach ($data['breadcrumbs'] as $breadcrumb) {
    if ($number == 1) {
        $text = 'Home';
    } else {
        $text = $breadcrumb['text'];
    }
    $schema['itemListElement'][] = array('@type' => 'ListItem', 'position' => $number, 'item' => array('@id' => $breadcrumb['href'], 'name' => $text));
    $number++;
}
$this->document->setSchema($schema);]]></add>
      </operation>
      <operation error="skip">
         <search><![CDATA[if ($product_info['quantity'] <= 0) {]]></search>
         <add position="before"><![CDATA[$data['quantity'] = $product_info['quantity'];]]></add>
      </operation>
      <operation>
         <search><![CDATA[$data['products'][] = array(]]></search>
         <add position="before"><![CDATA[$image_results = $this->model_catalog_product->getProductImages($result['product_id']);
			if ($image_results) {
					$image2 = $this->model_tool_image->resize($image_results[0]['image'], $this->config->get('theme_' . $this->config->get('config_theme') . '_image_related_width'), $this->config->get('theme_' . $this->config->get('config_theme') . '_image_related_height'));
				} else {
					$image2 = false;
			    }]]></add>
      </operation>
      <operation>
         <search><![CDATA['thumb'       => $image,]]></search>
         <add position="after"><![CDATA['thumb2'       => $image2,]]></add>
      </operation>
	  	<operation>
			<search><![CDATA[$data['points'] = $product_info['points'];]]>
			</search>
			<add position="before">
				<![CDATA[
				$data['newtabcontent'] = html_entity_decode($product_info['newtabcontent'], ENT_QUOTES, 'UTF-8');
				$data['newtabcontentname'] = html_entity_decode($product_info['newtabcontentname'], ENT_QUOTES, 'UTF-8');
				]]></add>
		</operation>
		<operation>
         <search><![CDATA[$data['options'] = array();]]></search>
         <add position="before"><![CDATA[if ($data['price']) {
            $data['price'] = '<span data-value=\'' . $this->tax->calculate($product_info['price'], $product_info['tax_class_id'], $this->config->get('config_tax')) . '\' class=\'autocalc-product-price\'>' . $data['price'] . '</span>';
        }
        if ($data['special']) {
            $data['special'] = '<span data-value=\'' . $this->tax->calculate($product_info['special'], $product_info['tax_class_id'], $this->config->get('config_tax')) . '\' class=\'autocalc-product-special\'>' . $data['special'] . '</span>';
        }
        if ($data['points']) {
            $data['points'] = '<span data-value=\'' . $product_info['points'] . '\' class=\'autocalc-product-points\'>' . $data['points'] . '</span>';
        }
        if ($data['tax']) {
            $data['tax'] = '<span data-value=\'' . (float)($product_info['special'] ? $product_info['special'] : $product_info['price']) . '\' class=\'autocalc-product-tax\'>' . $data['tax'] . '</span>';
        }
        $data['apo_price_value'] = $product_info['price'];
        $data['apo_special_value'] = $product_info['special'];
        $data['apo_tax_value'] = (float)$product_info['special'] ? $product_info['special'] : $product_info['price'];
        $data['apo_points_value'] = $product_info['points'];
        $currency_code = $this->session->data['currency'];
        $data['autocalc_currency'] = array(
            'value'           => (float)$this->currency->getValue($currency_code),
            'symbol_left'     => str_replace("'", "\'", $this->currency->getSymbolLeft($currency_code)),
            'symbol_right'    => str_replace("'", "\'", $this->currency->getSymbolRight($currency_code)),
            'decimals'        => (int)$this->currency->getDecimalPlace($currency_code),
            'decimal_point'   => $this->language->get('decimal_point'),
            'thousand_point'  => $this->language->get('thousand_point'),
        );
        $currency2_code = $this->config->get('config_currency2');
        if ($this->currency->has($currency2_code) && $currency2_code != $currency_code) {
            $currency_code = $currency2_code;
            $data['autocalc_currency2'] = array(
                'value'           => (float)$this->currency->getValue($currency_code),
                'symbol_left'     => str_replace("'", "\'", $this->currency->getSymbolLeft($currency_code)),
                'symbol_right'    => str_replace("'", "\'", $this->currency->getSymbolRight($currency_code)),
                'decimals'        => (int)$this->currency->getDecimalPlace($currency_code),
                'decimal_point'   => $this->language->get('decimal_point'),
                'thousand_point'  => $this->language->get('thousand_point'),
            );
        }
        $data['discounts_raw'] = $discounts;
        $data['tax_class_id'] = $product_info['tax_class_id'];
        $data['tax_rates'] = $this->tax->getRates(0, $product_info['tax_class_id']);
        $data['autocalc_option_special'] = $this->config->get('config_autocalc_option_special');
        $data['autocalc_option_discount'] = $this->config->get('config_autocalc_option_discount');
        $data['autocalc_not_mul_qty'] = $this->config->get('config_autocalc_not_mul_qty');
        $data['autocalc_select_first'] = $this->config->get('config_autocalc_select_first');]]></add>
      </operation>
      <operation>
         <search><![CDATA[$product_option_value_data[] = array(]]></search>
         <add position="before"><![CDATA[if ($price) {
            switch ($option_value['price_prefix']) {
                case '%':
                    $price = ($option_value['price'] > 0 ? '+' : '') . (float)$option_value['price'] . '%';
                    break;
                case '*':
                    $price = '*' . (float)$option_value['price'];
                    break;
                case '/':
                    $price = '/' . (float)$option_value['price'];
                    break;
            }
        }
        if ($this->config->get('config_autocalc_hide_option_price')) $price = false;]]></add>
      </operation>
      <operation>
         <search><![CDATA[$product_option_value_data[] = array(]]></search>
         <add position="after"><![CDATA['apo_price_value'               => $option_value['price'],
        'apo_points_value'              => isset($option_value['points_prefix']) && $option_value['points'] ? intval($option_value['points_prefix'].$option_value['points']) : 0,]]></add>
      </operation>
   </file>
  <file path="catalog/controller/product/{category,search,special,manufacturer}.php">
      <operation error="skip">
         <search trim="true" index="0"><![CDATA[$pagination = new Pagination();]]></search>
         <add position="before"><![CDATA[$this->document->addScript('catalog/view/theme/grafit/infinite.js');]]></add>
      </operation>
      <operation>
         <search><![CDATA[$data['products'][] = array(]]></search>
         <add position="before"><![CDATA[$image_results = $this->model_catalog_product->getProductImages($result['product_id']);

				if ($image_results) {
					$image2 = $this->model_tool_image->resize($image_results[0]['image'], $this->config->get('theme_' . $this->config->get('config_theme') . '_image_product_width'), $this->config->get('theme_' . $this->config->get('config_theme') . '_image_product_height'));
				} else {
					$image2 = false;
			    }]]></add>
      </operation>
      <operation>
         <search><![CDATA['thumb'       => $image,]]></search>
         <add position="after"><![CDATA['thumb2'       => $image2,]]></add>
      </operation>
   </file>
      <file path="catalog/controller/product/*.php">
      <operation error="skip">
         <search><![CDATA[$result['product_id'],]]></search>
         <add position="after"><![CDATA['quantity' => $result['quantity'],]]></add>
      </operation>
   </file>
   <file path="catalog/controller/product/manufacturer.php">
		<operation>
			<search><![CDATA[
public function index() {
			]]></search>
			<add position="after"><![CDATA[
		$this->load->model('tool/image');
			]]></add>
		</operation>
		<operation>
			<search><![CDATA[
$data['categories'][$key]['manufacturer'][] = array(
			]]></search>
			<add position="after"><![CDATA[
				'logo' => $this->model_tool_image->resize($result['image'], 100, 100),
			]]></add>
		</operation>
	</file>
      <file path="catalog/model/catalog/product.php">
      <operation>
         <search><![CDATA[(SELECT price FROM " . DB_PREFIX . "product_special ps WHERE ps.product_id = p.product_id AND ps.customer_group_id = '" . (int)$this->config->get('config_customer_group_id') . "' AND ((ps.date_start = '0000-00-00' OR ps.date_start < NOW()) AND (ps.date_end = '0000-00-00' OR ps.date_end > NOW())) ORDER BY ps.priority ASC, ps.price ASC LIMIT 1) AS special]]></search>
         <add position="replace"><![CDATA[(SELECT price FROM " . DB_PREFIX . "product_special ps WHERE ps.product_id = p.product_id AND ps.customer_group_id = '" . (int)$this->config->get('config_customer_group_id') . "' AND ((ps.date_start = '0000-00-00' OR ps.date_start < NOW()) AND (ps.date_end = '0000-00-00' OR ps.date_end > NOW())) ORDER BY ps.priority ASC, ps.price ASC LIMIT 1) AS special, (SELECT date_end FROM " . DB_PREFIX . "product_special ps WHERE ps.product_id = p.product_id AND ps.customer_group_id = '" . (int)$this->config->get('config_customer_group_id') . "' AND ((ps.date_start = '0000-00-00' OR ps.date_start < NOW()) AND (ps.date_end = '0000-00-00' OR ps.date_end > NOW())) ORDER BY ps.priority ASC, ps.price ASC LIMIT 1) AS special_date_end]]></add>
      </operation>
      <operation>
         <search><![CDATA['special'          => $query->row['special'],]]></search>
         <add position="after"><![CDATA['special_date_end'          => $query->row['special_date_end'],]]></add>
      </operation>
	  	<operation>
			<search index="0"><![CDATA[return array(]]>
			</search>
			<add position="before">
				<![CDATA[
				$newtabcontent_query = $this->db->query("SELECT * FROM " . DB_PREFIX . "product_newtabcontent WHERE product_id = '" . (int)$product_id . "' AND language_id = '" . (int)$this->config->get('config_language_id') . "'");
				if($newtabcontent_query->num_rows)  {
					$newtabcontent = $newtabcontent_query->row['newtabcontent'];
					$newtabcontentname = $newtabcontent_query->row['name'];
				} else {
					$newtabcontent = "";
					$newtabcontentname = "";
				}
				]]></add>
		</operation>
		<operation>
			<search index="0"><![CDATA[return array(]]>
			</search>
			<add position="after">
				<![CDATA[
				'newtabcontent'       => $newtabcontent,
				'newtabcontentname'       => $newtabcontentname,
				]]></add>
		</operation>
		      <operation>
         <search><![CDATA[=> $product_option_value['weight'],]]></search>
         <add position="before"><![CDATA['points'        => $product_option_value['points'],
        'points_prefix' => $product_option_value['points_prefix'],]]></add>
      </operation>
   </file>
     <file path="catalog/model/tool/image.php">
      <operation error="skip">
         <search><![CDATA[$image_new = 'cache/']]></search>
         <add position="after"><![CDATA[$image_new_webp = 'cachewebp/' . utf8_substr($filename, 0, utf8_strrpos($filename, '.')) . '-' . (int)$width . 'x' . (int)$height . '.webp';]]></add>
      </operation>
      <operation error="skip">
         <search><![CDATA[$image_new = str_replace(]]></search>
         <add position="before"><![CDATA[$gd = gd_info();
			if ($gd['WebP Support']) {
				if (!is_file(DIR_IMAGE . $image_new_webp) || (filectime(DIR_IMAGE . $image_new) > filectime(DIR_IMAGE . $image_new_webp))) {		
					$path = '';
					$directories = explode('/', dirname($image_new_webp));
					foreach ($directories as $directory) {
						$path = $path . '/' . $directory;

						if (!is_dir(DIR_IMAGE . $path)) {
							@mkdir(DIR_IMAGE . $path, 0777);
						}
					}
					$image_webp = new Image(DIR_IMAGE . $image_old);
					$image_webp->resize($width, $height);
					$image_webp->save_webp(DIR_IMAGE . $image_new_webp);
				}
			}]]></add>
      </operation>
   </file>
<file path="system/library/document.php">
      <operation>
         <search><![CDATA[private $keywords;]]></search>
         <add position="after"><![CDATA[private $schemas = array();]]></add>
      </operation>
      <operation>
         <search><![CDATA[public function addLink($href, $rel) {]]></search>
         <add position="before"><![CDATA[public function setSchema($data) {
                    $this->schemas[] = json_encode($data, JSON_PRETTY_PRINT | JSON_UNESCAPED_SLASHES | JSON_UNESCAPED_UNICODE);
                }
                public function getSchema() {
                    return $this->schemas;
                }]]></add>
      </operation>
   </file>
<file path="system/library/image.php">
      <operation error="skip">
         <search><![CDATA[public function save]]></search>
         <add position="before"><![CDATA[public function save_webp($file, $quality = 90) {
				if (is_resource($this->image)) {
					imagewebp($this->image, $file, $quality);
					imagedestroy($this->image);
				}
			}]]></add>
      </operation>
   </file>
   <file path="system/library/response.php">
      <operation error="skip">
         <search><![CDATA[private function compress($data, $level = 0)]]></search>
         <add position="before"><![CDATA[public function webpRebuild($output) {
				$gd = gd_info();
				if ($gd['WebP Support']) {
					$uri = '';
					if (isset($_SERVER['REQUEST_URI'])) {
						$uri = $_SERVER['REQUEST_URI'];
					}
					if (stripos($uri, 'admin') === false) {
						if (isset($_SERVER['HTTP_ACCEPT']) && isset($_SERVER['HTTP_USER_AGENT'])) {
							if( strpos( $_SERVER['HTTP_ACCEPT'], 'image/webp' ) !== false ) {	
								$re = '/(cache)(.*)(\.jpg|\.png|.jpeg)/U';
								$subst = '$1webp$2.webp';
								$this->output = preg_replace($re, $subst, $this->output);
							}
						}
					}
				}
			}]]></add>
      </operation>
      <operation error="skip">
         <search><![CDATA[$output = $this]]></search>
         <add position="before"><![CDATA[$this->webpRebuild($this->output);]]></add>
      </operation>
   </file>
<file path="system/library/cart/cart.php">
      <operation>
         <search><![CDATA[if ($product_discount_query->num_rows) {]]></search>
         <add position="after"><![CDATA[if ((float)$product_discount_query->row['price'] && (float)$product_query->row['price'] && $this->config->get('config_autocalc_option_discount')) {
            $autocalc_discount_coefficient = (float)$product_discount_query->row['price'] / (float)$product_query->row['price'];
            $option_price *= $autocalc_discount_coefficient;
        }]]></add>
      </operation>
      <operation>
         <search><![CDATA[if ($product_special_query->num_rows) {]]></search>
         <add position="after"><![CDATA[if ((float)$product_special_query->row['price'] && (float)$product_query->row['price'] &&  $this->config->get('config_autocalc_option_special')) {
            $autocalc_special_coefficient = (float)$product_special_query->row['price'] / (float)$product_query->row['price'];
            $option_price *= $autocalc_special_coefficient;
        }]]></add>
      </operation>
      <operation>
         <search><![CDATA[if ($product_query->num_rows && ($cart['quantity'] > 0)) {]]></search>
         <add position="after"><![CDATA[$autocalc_override_price = false;
        $autocalc_discount_coefficient = false;
        $autocalc_special_coefficient = false;
        $autocalc_option_prices = array();]]></add>
      </operation>
      <operation>
         <search><![CDATA[if ($option_value_query->row['price_prefix'] == '+') {]]></search>
         <add position="replace"><![CDATA[if (true) {
            if ($option_value_query->row['price_prefix'] == '=') {
                $autocalc_override_price += $option_value_query->row['price'];
            } else {
                $autocalc_option_prices[] = array('prefix' => $option_value_query->row['price_prefix'], 'value' => $option_value_query->row['price']);
            }
        } else 
        if ($option_value_query->row['price_prefix'] == '+') {]]></add>
      </operation>
      <operation>
         <search><![CDATA[$recurring_query = $this->db->query("SELECT]]></search>
         <add position="before"><![CDATA[$option_price = 0;
        if ($autocalc_override_price !== false) {
            $price = 0;
            $option_price = $autocalc_override_price;
        }
        foreach ($autocalc_option_prices as $op) {
            switch ($op['prefix']) {
                case '+':
                    $option_price += $op['value'];
                    break;
                case '-':
                    $option_price -= $op['value'];
                    break;
                case '*':
                    $price *= $op['value'];
                    $option_price *= $op['value'];
                    break;
                case '/':
                    $price /= $op['value'];
                    $option_price /= $op['value'];
                    break;
                case '%':
                    $price *= 1.0 + $op['value'] / 100.0;
                    $option_price *= 1.0 + $op['value'] / 100.0;
                    break;
            }
        }
        if ($autocalc_discount_coefficient !== false) {
            $option_price *= $autocalc_discount_coefficient;
        }
        if ($autocalc_special_coefficient !== false) {
            $option_price *= $autocalc_special_coefficient;
        }]]></add>
      </operation>
   </file> 
</modification>