<?xml version="1.0" encoding="utf-8"?>
<modification>
   <id>Admin theme</id>
   <name>Admin theme</name>
   <code>admin_theme</code>
   <version>1.0.1</version>
    <author>https://madehtml5.github.io/</author>
   <link>https://madehtml5.github.io/</link>
  <file path="admin/view/template/common/header.twig">
		 <operation>
            <search><![CDATA[<link type="text/css" href="view/stylesheet/stylesheet.css" rel="stylesheet" media="screen" />]]></search>
            <add position="after"><![CDATA[<link type="text/css" href="view/stylesheet/admin.css" rel="stylesheet" media="screen" />]]></add>
        </operation>
  </file>
 <file path="admin/view/template/common/footer.twig">
        <operation>
            <search><![CDATA[{{ text_footer }}]]></search>
            <add position="replace"><![CDATA[changed by <a href="https://madehtml5.github.io/" target="_blank" style="color:#ff7361">made <i class="fa fa-html5" font-size:1.25em" aria-hidden="true"></i> me</a>]]></add>
        </operation>
  </file>
  </modification>