<?xml version="1.0" encoding="utf-8"?>
<modification>
<name>Opencart non ftp request</name>
   <version>1.0</version>
   <code>Opencart non ftp request</code>
   <author>made.html-5.me</author>
   <link>made.html-5.me</link>

  <file path="admin/controller/marketplace/install.php">
	<operation>
      <search>
        <![CDATA[if ($safe) {]]>
      </search>
      <add position="before">
        <![CDATA[		
		    $safe = true;
		    ]]>
      </add>
    </operation>
    <operation>
      <search>
        <![CDATA[if (is_dir($file) && !is_dir($path)) {]]>
      </search>
      <add position="before">
        <![CDATA[		
			  if ($path == '') {
  				$app_root = explode('/',DIR_APPLICATION);
  				unset($app_root[count($app_root)-2]);
  				$app_root = implode('/',$app_root);
  				$path = $app_root . $destination;
			  }
		    ]]>
      </add>
    </operation>
  </file> 
</modification>
