<?xml version="1.0" encoding="UTF-8"?>
<modification>
   <id>Modern theme</id>
   <name>Modern theme</name>
   <code>modern_theme</code>
   <version>1.0.1</version>
   <link>https://madehtml5.github.io/</link>
   <file path="admin/controller/catalog/information.php">
      <operation>
         <search><![CDATA[$data['entry_bottom']]]></search>
         <add position="before"><![CDATA[$data['entry_top'] = $this->language->get('entry_top');
				$data['help_top'] = $this->language->get('help_top');]]></add>
      </operation>
      <operation>
         <search><![CDATA[if (isset($this->request->post['bottom'])) {]]></search>
         <add position="before"><![CDATA[if (isset($this->request->post['top'])) {
					$data['top'] = $this->request->post['top'];
				} elseif (!empty($information_info)) {
					$data['top'] = $information_info['top'];
				} else {
					$data['top'] = 0;
				}]]></add>
      </operation>
   </file>
   <file path="admin/model/catalog/information.php">
      <operation>
         <search><![CDATA[$this->db->query("INSERT INTO " . DB_PREFIX . "information SET sort_order = '" . (int)$data['sort_order'] . "', bottom = '" . (isset($data['bottom']) ? (int)$data['bottom'] : 0) . "', status = '" . (int)$data['status'] . "'");]]></search>
         <add position="replace"><![CDATA[$this->db->query("INSERT INTO " . DB_PREFIX . "information SET sort_order = '" . (int)$data['sort_order'] . "', top = '" . (isset($data['top']) ? (int)$data['top'] : 0) . "', bottom = '" . (isset($data['bottom']) ? (int)$data['bottom'] : 0) . "', status = '" . (int)$data['status'] . "'");]]></add>
      </operation>
      <operation>
         <search><![CDATA[$this->db->query("UPDATE " . DB_PREFIX . "information SET sort_order = '" . (int)$data['sort_order'] . "', bottom = '" . (isset($data['bottom']) ? (int)$data['bottom'] : 0) . "', status = '" . (int)$data['status'] . "' WHERE information_id = '" . (int)$information_id . "'");]]></search>
         <add position="replace"><![CDATA[$this->db->query("UPDATE " . DB_PREFIX . "information SET sort_order = '" . (int)$data['sort_order'] . "', top = '" . (isset($data['top']) ? (int)$data['top'] : 0) . "', bottom = '" . (isset($data['bottom']) ? (int)$data['bottom'] : 0) . "', status = '" . (int)$data['status'] . "' WHERE information_id = '" . (int)$information_id . "'");]]></add>
      </operation>
   </file>
   <file path="admin/language/*/catalog/information.php">
      <operation>
         <search><![CDATA[$_['entry_bottom']]]></search>
         <add position="before"><![CDATA[$_['entry_top'] = 'Top';
				$_['help_top'] = 'Show in header nav';]]></add>
      </operation>
   </file>
   <file path="admin/view/template/catalog/information_form.tpl">
      <operation>
         <search offset="2"><![CDATA[<label class="col-sm-2 control-label" for="input-bottom">]]></search>
         <add position="before" offset="1"><![CDATA[<div class="form-group">
					<label class="col-sm-2 control-label" for="input-top">
						<span data-toggle="tooltip" title="<?php echo $help_top; ?>"><?php echo $entry_top; ?></span>
					</label>
					<div class="col-sm-10">
						<div class="checkbox">
							<label>
								<?php if ($top) { ?>
								<input type="checkbox" name="top" value="1" checked="checked" id="input-top" />
								<?php } else { ?>
								<input type="checkbox" name="top" value="1" id="input-top" />
								<?php } ?>&nbsp; 
							</label>
						</div>
					</div>
				</div>]]></add>
      </operation>
   </file>
   <file path="catalog/controller/checkout/cart.php|catalog/controller/common/cart.php">
      <operation>
         <search><![CDATA[$this->language->get('text_items')]]></search>
         <add position="replace"><![CDATA[$this->language->get('%s')]]></add>
      </operation>
   </file>
   <file path="catalog/controller/common/header.php">
      <operation>
         <search><![CDATA[$data['base'] = $server;]]></search>
         <add position="after"><![CDATA[$this->load->model('catalog/information');
		 $data['informations'] = array();
		 foreach ($this->model_catalog_information->getInformations() as $result) {
					if ($result['top']) {
						$data['informations'][] = array(
							'title' => $result['title'],
							'href'  => $this->url->link('information/information', 'information_id=' . $result['information_id'])
						);
					}
				}
				$this->load->language('product/category');
				$data['text_compare'] = sprintf($this->language->get('text_compare'), (isset($this->session->data['compare']) ? count($this->session->data['compare']) : 0));
				$data['compare'] = $this->url->link('product/compare');
		$this->load->language('account/login');
		$data['text_new_customer'] = $this->language->get('text_new_customer');
		$data['text_register'] = $this->language->get('text_register');
		$data['text_register_account'] = $this->language->get('text_register_account');
		$data['text_returning_customer'] = $this->language->get('text_returning_customer');
		$data['text_i_am_returning_customer'] = $this->language->get('text_i_am_returning_customer');
		$data['text_forgotten'] = $this->language->get('text_forgotten');

		$data['entry_email'] = $this->language->get('entry_email');
		$data['entry_password'] = $this->language->get('entry_password');

		$data['button_continue'] = $this->language->get('button_continue');
		$data['button_login'] = $this->language->get('button_login');

		if (isset($this->session->data['error'])) {
			$data['error_warning'] = $this->session->data['error'];

			unset($this->session->data['error']);
		} elseif (isset($this->error['warning'])) {
			$data['error_warning'] = $this->error['warning'];
		} else {
			$data['error_warning'] = '';
		}

		$data['action'] = $this->url->link('account/login', '', true);
		$data['register'] = $this->url->link('account/register', '', true);
		$data['forgotten'] = $this->url->link('account/forgotten', '', true);
	if (isset($this->request->post['redirect']) && (strpos($this->request->post['redirect'], $this->config->get('config_url')) !== false || strpos($this->request->post['redirect'], $this->config->get('config_ssl')) !== false)) {
			$data['redirect'] = $this->request->post['redirect'];
		} elseif (isset($this->session->data['redirect'])) {
			$data['redirect'] = $this->session->data['redirect'];

			unset($this->session->data['redirect']);
		} else {
			$data['redirect'] = '';
		}

		if (isset($this->session->data['success'])) {
			$data['success'] = $this->session->data['success'];

			unset($this->session->data['success']);
		} else {
			$data['success'] = '';
		}

		if (isset($this->request->post['email'])) {
			$data['email'] = $this->request->post['email'];
		} else {
			$data['email'] = '';
		}

		if (isset($this->request->post['password'])) {
			$data['password'] = $this->request->post['password'];
		} else {
			$data['password'] = '';
		}]]></add>
      </operation>
      <operation>
         <search><![CDATA[foreach ($children as $child) {]]></search>
         <add position="replace" offset="11"><![CDATA[foreach ($children as $child) {
                    $filter_data = array();
                    $filter_data2 = array();
                    $children_data2 = array(); 
                    $children2 = $this->model_catalog_category->getCategories($child['category_id']); 
             
                    foreach ($children2 as $child2) {
                        $filter_data2 = array(
                            'filter_category_id'  => $child2['category_id'],
                            'filter_sub_category' => true
                        );
                        $children_data2[] = array(
                        'name'  => $child2['name'],
                        'href'  => $this->url->link('product/category', 'path=' . $category['category_id'] . '_' . $child['category_id'] . '_' . $child2['category_id']),
                        );
                    }
                 
                    $filter_data = array(
                        'filter_category_id'  => $child['category_id'],
                        'filter_sub_category' => true
                    );

                    $children_data[] = array(
                        'name'  => $child['name'],
                        'href'  => $this->url->link('product/category', 'path=' . $category['category_id'] . '_' . $child['category_id']),
                        'children' => $children_data2,
                    );
				}]]></add>
      </operation>
   </file>
   <file path="catalog/view/theme/modern/template/product/*.tpl|catalog/view/theme/modern/template/checkout/*.tpl|catalog/view/theme/modern/template/account/*.tpl|catalog/view/theme/modern/template/affiliate/*.tpl|catalog/view/theme/modern/template/information/*.tpl">
      <operation>
         <search><![CDATA[<ul class="breadcrumb">]]></search>
         <add position="replace" offset="4"><![CDATA[<ul class="breadcrumb" xmlns:v="http://rdf.data-vocabulary.org/#">
			<?php $last_crumb = array_pop($breadcrumbs); foreach ($breadcrumbs as $breadcrumb) { ?>
			<li typeof="v:Breadcrumb"><a href="<?php echo $breadcrumb['href']; ?>" rel="v:url" property="v:title"><?php echo $breadcrumb['text']; ?></a></li>
			<?php } ?>
			<li style="color: #999;"><?php echo $last_crumb['text']; ?></li>
			</ul>]]></add>
      </operation>
   </file>
   <file path="catalog/controller/product/product.php">
      <operation>
         <search><![CDATA[public function index() {]]></search>
         <add position="before"><![CDATA[protected function getPath($parent_id, $current_path = '') {
				$category_info = $this->model_catalog_category->getCategory($parent_id);          
				if ($category_info) {
					if (!$current_path) {
						$new_path = $category_info['category_id'];
					} else {
						$new_path = $category_info['category_id'] . '_' . $current_path;
					}			  
					$path = $this->getPath($category_info['parent_id'], $new_path);			  
					if ($path) {
						return $path;
					} else {
						return $new_path;
					}
				}
			}]]></add>
      </operation>
      <operation>
         <search><![CDATA[if ($product_info) {]]></search>
         <add position="after"><![CDATA[if(!isset($category_info)) {
				$categories = $this->model_catalog_product->getCategories($this->request->get['product_id']);
				if($categories) {				
					foreach($categories as $category){			  
						$path = $this->getPath($category['category_id']);
						$category_info = $this->model_catalog_category->getCategory($category['category_id']);
						if($path){
							$cat_path = $path;
						}else{
							$cat_path = $category_info['category_id'];
						}				  
						if($category_info) {
							$path = '';
							$cat_path = explode('_', $cat_path);
							foreach ( $cat_path as $path_id) {
							  if (!$path) {
								$path = $path_id;
							  } else {
								$path .= '_' . $path_id;
							  }
								  
							  $category_info = $this->model_catalog_category->getCategory($path_id);
							  
							  if ($category_info) {
								  $data['breadcrumbs'][] = array(
								  'text'      => $category_info['name'],
								  'href'      => $this->url->link('product/category', '&path=' . $path),
								  'separator' => $this->language->get('text_separator')
								  );
								}
							}
						break;
						}			  
					}
				}
			}]]></add>
      </operation>
   </file>
   <file path="catalog/controller/product/*.php">
      <operation>
         <search><![CDATA[if ($result['image']) {]]></search>
         <add position="before" error="skip"><![CDATA[$results_img = $this->model_catalog_product->getProductImages($result['product_id']);
				$additional_img = array();
				foreach ($results_img as $result_img) {
					if ($result_img['image']) {
						$additional_image = $this->model_tool_image->resize($result_img['image'], $this->config->get($this->config->get('config_theme') . '_image_product_width'), $this->config->get($this->config->get('config_theme') . '_image_product_height'));
					} else {
						$additional_image = false;
					}
				$additional_img[] = $additional_image;
				}]]></add>
      </operation>
      <operation>
         <search><![CDATA[$image,]]></search>
         <add position="after" error="skip"><![CDATA['additional_img' => $additional_img,]]></add>
      </operation>
   </file>
   <file path="catalog/controller/product/product.php">
      <operation>
         <search><![CDATA[$this->config->get($this->config->get('config_theme') . '_image_product_width'), $this->config->get($this->config->get('config_theme') . '_image_product_height'));]]></search>
         <add position="replace" error="skip"><![CDATA[$this->config->get($this->config->get('config_theme') . '_image_related_width'), $this->config->get($this->config->get('config_theme') . '_image_related_height'));]]></add>
      </operation>
	  <operation>
            <search><![CDATA['thumb' => $this->model_tool_image->resize($result['image'], $this->config->get($this->config->get('config_theme') . '_image_additional_width'), $this->config->get($this->config->get('config_theme') . '_image_additional_height'))]]></search>
            <add position="before"><![CDATA[
             // slick slider
                
            'zoom'  => $this->model_tool_image->resize($result['image'], 800,800),
                
            // end slick slider
	]]></add>
        </operation>
        <operation>
            <search><![CDATA[$data['images'] = array();]]></search>
            <add position="after"><![CDATA[
                        // slick slider
                
			if ($product_info['image']) {
				$data['images'][] = array(
				    'popup' => $this->model_tool_image->resize($product_info['image'], $this->config->get($this->config->get('config_theme') . '_image_popup_width'), $this->config->get($this->config->get('config_theme') . '_image_popup_height')),
				    'thumb' => $this->model_tool_image->resize($product_info['image'], $this->config->get($this->config->get('config_theme') . '_image_additional_width'), $this->config->get($this->config->get('config_theme') . '_image_additional_height')),
                                    'zoom'  => $this->model_tool_image->resize($product_info['image'], 800,800),
				);
			} 
                
			// end scick slider
	]]></add>
        </operation>
        <operation>
            <search><![CDATA[$this->document->setDescription($product_info['meta_description']);]]></search>
            <add position="before"><![CDATA[
			// slick slider
          	$this->document->addScript('catalog/view/theme/modern/js//easyzoom/easyzoom.js');
  			$this->document->addStyle('catalog/view/theme/modern/js//easyzoom/easyzoom.css');
			// end slick slider
	]]></add>
        </operation>
   </file>
   <file path="catalog/controller/extension/module/{featured*,latest*,special*,bestseller}.php">
      <operation error="skip">
         <search><![CDATA[if ($result['image']) {]]></search>
         <add position="before" error="skip"><![CDATA[$results_img = $this->model_catalog_product->getProductImages($result['product_id']);
				$additional_img = array();
				foreach ($results_img as $result_img) {
					if ($result_img['image']) {
						$additional_image = $this->model_tool_image->resize($result_img['image'], $setting['width'], $setting['height']);
					} else {
						$additional_image = false;
					}
				$additional_img[] = $additional_image;
				}]]></add>
      </operation>
      <operation error="skip">
         <search><![CDATA[if ($product_info['image']) {]]></search>
         <add position="before" error="skip"><![CDATA[$results_img = $this->model_catalog_product->getProductImages($product_info['product_id']);
					$additional_img = array();
					foreach ($results_img as $result_img) {
						if ($result_img['image']) {
							$additional_image = $this->model_tool_image->resize($result_img['image'], $setting['width'], $setting['height']);
						} else {
							$additional_image = false;
						}
					$additional_img[] = $additional_image;
					}]]></add>
      </operation>
      <operation error="skip">
         <search><![CDATA[if ($product['image']) {]]></search>
         <add position="before" error="skip"><![CDATA[$results_img = $this->model_catalog_product->getProductImages($product['product_id']);
					$additional_img = array();
					foreach ($results_img as $result_img) {
						if ($result_img['image']) {
							$additional_image = $this->model_tool_image->resize($result_img['image'], $setting['width'], $setting['height']);
						} else {
							$additional_image = false;
						}
					$additional_img[] = $additional_image;
					}]]></add>
      </operation>
      <operation>
         <search><![CDATA[$image,]]></search>
         <add position="after" error="skip"><![CDATA['additional_img' => $additional_img,]]></add>
      </operation>
   </file>
   <file path="catalog/controller/extension/module/*.php">
      <operation>
         <search><![CDATA[$this->document->addStyle('catalog/view/javascript/jquery/owl-carousel/owl.carousel.css');]]></search>
         <add position="replace" offset="3" />
      </operation>
   </file>
   <file path="catalog/controller/product/category.php">
      <operation>
         <search><![CDATA[if ($category_info['image']) {]]></search>
         <add position="replace" offset="5"><![CDATA[if ($category_info['image']) {
				$data['thumb'] = HTTP_SERVER.'image/'.$category_info['image'];
			} else {
				$data['thumb'] = '';
			}]]></add>
      </operation>
      <operation>
         <search><![CDATA[$data['categories'][] = array(]]></search>
         <add position="before"><![CDATA[if ($result['image']) {
					$image = HTTP_SERVER.'image/'.$result['image'];
				} else {
					$image = $this->model_tool_image->resize('placeholder.png', 100, 100);
				}]]></add>
      </operation>
      <operation>
         <search><![CDATA['href' => $this->url->link('product/category', 'path=' . $this->request->get['path'] . '_' . $result['category_id'] . $url)]]></search>
         <add position="replace"><![CDATA['href'  => $this->url->link('product/category', 'path=' . $this->request->get['path'] . '_' . $result['category_id'] . $url),
				'thumb' => $image]]></add>
      </operation>
      <operation>
         <search><![CDATA['name' => $result['name'] . ($this->config->get('config_product_count') ? ' (' . $this->model_catalog_product->getTotalProducts($filter_data) . ')' : ''),]]></search>
         <add position="replace"><![CDATA['name' => $result['name'],]]></add>
      </operation>
   </file>
</modification>