<modification>
    <name>Additional image</name>
    <version>1.0</version>
   <code>Additional image</code>
   <author>made.html-5.me</author>
   <link>made.html-5.me</link>
   
  
    <file path="catalog/controller/product/{category,manufacturer,special,search}*.php">
        <operation>
            <search><![CDATA[
            $data['products'][] = array(
            ]]></search>
            <add position="before"><![CDATA[
            $image_results = $this->model_catalog_product->getProductImages($result['product_id']);

				if ($image_results) {
					$image2 = $this->model_tool_image->resize($image_results[0]['image'], $this->config->get('theme_' . $this->config->get('config_theme') . '_image_product_width'), $this->config->get('theme_' . $this->config->get('config_theme') . '_image_product_height'));
				} else {
					$image2 = false;
			    }
            ]]></add>
        </operation>
        <operation>
            <search><![CDATA[
            'thumb'       => $image,
            ]]></search>
            <add position="after"><![CDATA[
					'thumb2'       => $image2,
					
            ]]></add>
        </operation>
    </file>  
    <file path="catalog/controller/extension/module/{bestseller,latest,special}*.php">
        <operation>
            <search><![CDATA[
            $data['products'][] = array(
            ]]></search>
            <add position="before"><![CDATA[
            $image_results = $this->model_catalog_product->getProductImages($result['product_id']);

				if ($image_results) {
					$image2 = $this->model_tool_image->resize($image_results[0]['image'], $this->config->get('theme_' . $this->config->get('config_theme') . '_image_product_width'), $this->config->get('theme_' . $this->config->get('config_theme') . '_image_product_height'));
				} else {
					$image2 = false;
			    }
            ]]></add>
        </operation>
        <operation>
            <search><![CDATA[
            'thumb'       => $image,
            ]]></search>
            <add position="after"><![CDATA[
					'thumb2'       => $image2,
					
            ]]></add>
        </operation>
    </file>  
    <file path="catalog/controller/extension/module/featured.php">
        <operation>
            <search><![CDATA[
            $data['products'][] = array(
            ]]></search>
            <add position="before"><![CDATA[
            $image_results = $this->model_catalog_product->getProductImages($product_info['product_id']);

				if ($image_results) {
					$image2 = $this->model_tool_image->resize($image_results[0]['image'], $this->config->get('theme_' . $this->config->get('config_theme') . '_image_product_width'), $this->config->get('theme_' . $this->config->get('config_theme') . '_image_product_height'));
				} else {
					$image2 = false;
			    }
            ]]></add>
        </operation>
        <operation>
            <search><![CDATA[
            'thumb'       => $image,
            ]]></search>
            <add position="after"><![CDATA[
					'thumb2'       => $image2,
					
            ]]></add>
        </operation>
    </file>  
	  <file path="catalog/view/theme/*/template/product/{category,manufacturer,special,search}*.twig|catalog/view/theme/*/template/extension/module/{bestseller,featured,latest,special}*.twig">
        <operation>
            <search><![CDATA[
            <div class="image"><a href="{{ product.href }}"><img src="{{ product.thumb }}" alt="{{ product.name }}" title="{{ product.name }}" class="img-responsive" /></a></div>
            ]]></search>
            <add position="replace"><![CDATA[
            <div class="image"><a href="{{ product.href }}"><img itemprop="image" src="{{ product.thumb }}" img-aux-src="{{ product.thumb2 }}" alt="{{ product.name }}" title="{{ product.name }}" onmouseover="productListImageChangeHover($(this))" onmouseout="productListImageChangeHover($(this))" class="img-responsive" /></a></div>
            ]]></add>
        </operation>
    </file>  
    <file path="catalog/view/theme/*/template/common/footer.twig">
        <operation>
            <search><![CDATA[
            </body></html>
            ]]></search>
            <add position="before"><![CDATA[
            <script>
            function productListImageChangeHover(element) {
                var src = element.attr('img-aux-src');
                var dataauxsrc = element.attr('src');
                if (element.length > 0 && element.attr('img-aux-src')) {
                    element.attr('src', src);
                    element.attr('img-aux-src', dataauxsrc);
                }
            }
            </script>
            ]]></add>
        </operation>
    </file>  
</modification>
