<modification>
    <name>Additional image</name>
    <version>1.0</version>
   <code>No ftp request</code>
   <author>made.html-5.me</author>
   <link>made.html-5.me</link>

    <file path="catalog/controller/extension/module/{latest,special,bestseller}.php">
               <operation>
            <search><![CDATA[if ($result['image']) {]]></search>
            <add position="before" error="skip"><![CDATA[
			    $results_img = $this->model_catalog_product->getProductImages($result['product_id']);
                $additional_img = array();
                foreach ($results_img as $result_img) {
                    if ($result_img['image']) {
                        $additional_image = $this->model_tool_image->resize($result_img['image'], $this->config->get($this->config->get('config_theme') . '_image_product_width'), $this->config->get($this->config->get('config_theme') . '_image_product_height'));
                    } else {
                        $additional_image = false;
                    } $additional_img[1] = $additional_image;
                    break;
                }
            ]]></add>
        </operation>
        <operation error="skip">
            <search><![CDATA['thumb'       => $image,]]></search>
            <add position="after"><![CDATA[
			'additional_img' => $additional_img,
            ]]></add>
        </operation>
    </file>
    <file path="catalog/controller/extension/module/featured.php">
           <operation>
            <search><![CDATA[if ($product_info['image']) {]]></search>
            <add position="before" error="skip"><![CDATA[
			    $results_img = $this->model_catalog_product->getProductImages($product_info['product_id']);
                $additional_img = array();
                foreach ($results_img as $result_img) {
                    if ($result_img['image']) {
                        $additional_image = $this->model_tool_image->resize($result_img['image'], $this->config->get($this->config->get('config_theme') . '_image_product_width'), $this->config->get($this->config->get('config_theme') . '_image_product_height'));
                    } else {
                        $additional_image = false;
                    } $additional_img[1] = $additional_image;
                    break;
                }
            ]]></add>
        </operation>
        <operation error="skip">
            <search><![CDATA['thumb'       => $image,]]></search>
            <add position="after"><![CDATA[
			'additional_img' => $additional_img,
            ]]></add>
        </operation>
    </file>
    <file path="catalog/controller/product/{category,manufacturer,search,special,product}.php">
        <operation>
            <search><![CDATA[if ($result['image']) {]]></search>
            <add position="before" error="skip"><![CDATA[
			$results_img = $this->model_catalog_product->getProductImages($result['product_id']);
			$additional_img = array();
			foreach ($results_img as $result_img) {
				if ($result_img['image']) {
					$additional_image = $this->model_tool_image->resize($result_img['image'], $this->config->get($this->config->get('config_theme') . '_image_product_width'), $this->config->get($this->config->get('config_theme') . '_image_product_height'));
				} else {
					$additional_image = false;
				}
				$additional_img[1] = $additional_image;
				break;
			}
            ]]></add>
        </operation>
        <operation>
            <search><![CDATA[$image,]]></search>
            <add position="after" error="skip"><![CDATA[
			'additional_img' => $additional_img,
            ]]></add>
        </operation>
    </file>
<file path="catalog/controller/product/category.php">

        <operation>
            <search><![CDATA[
    'href' => $this->url->link('product/category', 'path=' . $this->request->get['path'] . '_' . $result['category_id'] . $url)
        ]]></search>
            <add position="after">
                <![CDATA[
                    ,'thumb' => $this->model_tool_image->resize($result['image'], $this->config->get($this->config->get('config_theme') . '_image_category_width'), $this->config->get($this->config->get('config_theme') . '_image_category_height'))
                ]]>
            </add>
        </operation>
    </file>
		<file path="catalog/view/theme/*/template/*/{category,search,manufacturer_info,featured,latest,special,bestseller,viewed}*.tpl">
		<operation error="skip">
			<search><![CDATA[src="<?php echo $product['thumb']; ?>"]]></search>
			<add position="replace"><![CDATA[src="<?php echo $product['thumb']; ?>" <?php foreach ($product['additional_img'] as $additional_img) { ?>data-additional="<?php echo $additional_img;?>"<?php } ?>]]></add>
		</operation>
	</file>
	<file path="catalog/view/theme/*/template/*/*/{category,search,manufacturer_info,featured,latest,special,bestseller,viewed}*.tpl">
		<operation error="skip">
			<search><![CDATA[src="<?php echo $product['thumb']; ?>"]]></search>
			<add position="replace"><![CDATA[src="<?php echo $product['thumb']; ?>" <?php foreach ($product['additional_img'] as $additional_img) { ?>data-additional="<?php echo $additional_img;?>"<?php } ?>]]></add>
		</operation>
	</file>
	<file path="catalog/view/theme/*/template/common/footer.tpl">
		<operation error="skip">
			<search><![CDATA[</body>]]></search>
			<add position="before"><![CDATA[
			
			<style>
				.image div, .image span{z-index:2;}
				.box-product .image a,
				.box-content .image a,
				.product-thumb .image a,
				.item .image a,
				.product-list .image a,
				.product-grid .image a
				{display:inline-block;position:relative;z-index:0;overflow:hidden;margin:0 auto;text-align:center;}
				.product-thumb .image a:hover {opacity: 1;}
				.image .additional{
					position:absolute;
					top:0;
					left:0;
					opacity:0;
					cursor:pointer;
				}
				.image:hover .additional{
					opacity:1;
				}
				.product-price .image .main{
					transform:none !important;
				}
				.product-price .image .additional{
					display:none;
				}
			</style>
			<script>
			$(window).load(function() {
				$('.image').each(function () {
					if($(this).find('img').attr('data-additional')) {
						$(this).find('img').first().addClass('main');
						$(this).children('a').append('<img src="'+$(this).find('.main').attr('data-additional')+'" class="additional" title="'+$(this).find('.main').attr('alt')+'" />');
					}
				});
			});
			</script>
		]]></add>
		</operation>
	</file>

</modification>




